This is pdfTeX, Version 3.141592653-2.6-1.40.26 (TeX Live 2024) (preloaded format=pdflatex 2025.1.19)  19 NOV 2025 17:02
entering extended mode
 restricted \write18 enabled.
 %&-line parsing enabled.
**/Users/qianyu/Dropbox/binary_code/pcg/GATES/Gates-results/Reports/Multi-Indic
ator-SAE-Mozambique.tex

(/Users/qianyu/Dropbox/binary_code/pcg/GATES/Gates-results/Reports/Multi-Indica
tor-SAE-Mozambique.tex
LaTeX2e <2023-11-01> patch level 1
L3 programming layer <2024-02-20>
(/usr/local/texlive/2024/texmf-dist/tex/latex/base/article.cls
Document Class: article 2023/05/17 v1.4n Standard LaTeX document class
(/usr/local/texlive/2024/texmf-dist/tex/latex/base/size10.clo
File: size10.clo 2023/05/17 v1.4n Standard LaTeX file (size option)
)
\c@part=\count188
\c@section=\count189
\c@subsection=\count190
\c@subsubsection=\count191
\c@paragraph=\count192
\c@subparagraph=\count193
\c@figure=\count194
\c@table=\count195
\abovecaptionskip=\skip48
\belowcaptionskip=\skip49
\bibindent=\dimen140
) (/usr/local/texlive/2024/texmf-dist/tex/latex/xcolor/xcolor.sty
Package: xcolor 2023/11/15 v3.01 LaTeX color extensions (UK)
(/usr/local/texlive/2024/texmf-dist/tex/latex/graphics-cfg/color.cfg
File: color.cfg 2016/01/02 v1.6 sample color configuration
)
Package xcolor Info: Driver file: pdftex.def on input line 274.
(/usr/local/texlive/2024/texmf-dist/tex/latex/graphics-def/pdftex.def
File: pdftex.def 2022/09/22 v1.2b Graphics/color driver for pdftex
) (/usr/local/texlive/2024/texmf-dist/tex/latex/graphics/mathcolor.ltx)
Package xcolor Info: Model `cmy' substituted by `cmy0' on input line 1350.
Package xcolor Info: Model `hsb' substituted by `rgb' on input line 1354.
Package xcolor Info: Model `RGB' extended on input line 1366.
Package xcolor Info: Model `HTML' substituted by `rgb' on input line 1368.
Package xcolor Info: Model `Hsb' substituted by `hsb' on input line 1369.
Package xcolor Info: Model `tHsb' substituted by `hsb' on input line 1370.
Package xcolor Info: Model `HSB' substituted by `hsb' on input line 1371.
Package xcolor Info: Model `Gray' substituted by `gray' on input line 1372.
Package xcolor Info: Model `wave' substituted by `hsb' on input line 1373.
) (/usr/local/texlive/2024/texmf-dist/tex/latex/geometry/geometry.sty
Package: geometry 2020/01/02 v5.9 Page Geometry
(/usr/local/texlive/2024/texmf-dist/tex/latex/graphics/keyval.sty
Package: keyval 2022/05/29 v1.15 key=value parser (DPC)
\KV@toks@=\toks17
) (/usr/local/texlive/2024/texmf-dist/tex/generic/iftex/ifvtex.sty
Package: ifvtex 2019/10/25 v1.7 ifvtex legacy package. Use iftex instead.
(/usr/local/texlive/2024/texmf-dist/tex/generic/iftex/iftex.sty
Package: iftex 2022/02/03 v1.0f TeX engine tests
))
\Gm@cnth=\count196
\Gm@cntv=\count197
\c@Gm@tempcnt=\count198
\Gm@bindingoffset=\dimen141
\Gm@wd@mp=\dimen142
\Gm@odd@mp=\dimen143
\Gm@even@mp=\dimen144
\Gm@layoutwidth=\dimen145
\Gm@layoutheight=\dimen146
\Gm@layouthoffset=\dimen147
\Gm@layoutvoffset=\dimen148
\Gm@dimlist=\toks18
) (/usr/local/texlive/2024/texmf-dist/tex/latex/amsmath/amsmath.sty
Package: amsmath 2023/05/13 v2.17o AMS math features
\@mathmargin=\skip50
For additional information on amsmath, use the `?' option.
(/usr/local/texlive/2024/texmf-dist/tex/latex/amsmath/amstext.sty
Package: amstext 2021/08/26 v2.01 AMS text
(/usr/local/texlive/2024/texmf-dist/tex/latex/amsmath/amsgen.sty
File: amsgen.sty 1999/11/30 v2.0 generic functions
\@emptytoks=\toks19
\ex@=\dimen149
)) (/usr/local/texlive/2024/texmf-dist/tex/latex/amsmath/amsbsy.sty
Package: amsbsy 1999/11/29 v1.2d Bold Symbols
\pmbraise@=\dimen150
) (/usr/local/texlive/2024/texmf-dist/tex/latex/amsmath/amsopn.sty
Package: amsopn 2022/04/08 v2.04 operator names
)
\inf@bad=\count199
LaTeX Info: Redefining \frac on input line 234.
\uproot@=\count266
\leftroot@=\count267
LaTeX Info: Redefining \overline on input line 399.
LaTeX Info: Redefining \colon on input line 410.
\classnum@=\count268
\DOTSCASE@=\count269
LaTeX Info: Redefining \ldots on input line 496.
LaTeX Info: Redefining \dots on input line 499.
LaTeX Info: Redefining \cdots on input line 620.
\Mathstrutbox@=\box51
\strutbox@=\box52
LaTeX Info: Redefining \big on input line 722.
LaTeX Info: Redefining \Big on input line 723.
LaTeX Info: Redefining \bigg on input line 724.
LaTeX Info: Redefining \Bigg on input line 725.
\big@size=\dimen151
LaTeX Font Info:    Redeclaring font encoding OML on input line 743.
LaTeX Font Info:    Redeclaring font encoding OMS on input line 744.
\macc@depth=\count270
LaTeX Info: Redefining \bmod on input line 905.
LaTeX Info: Redefining \pmod on input line 910.
LaTeX Info: Redefining \smash on input line 940.
LaTeX Info: Redefining \relbar on input line 970.
LaTeX Info: Redefining \Relbar on input line 971.
\c@MaxMatrixCols=\count271
\dotsspace@=\muskip16
\c@parentequation=\count272
\dspbrk@lvl=\count273
\tag@help=\toks20
\row@=\count274
\column@=\count275
\maxfields@=\count276
\andhelp@=\toks21
\eqnshift@=\dimen152
\alignsep@=\dimen153
\tagshift@=\dimen154
\tagwidth@=\dimen155
\totwidth@=\dimen156
\lineht@=\dimen157
\@envbody=\toks22
\multlinegap=\skip51
\multlinetaggap=\skip52
\mathdisplay@stack=\toks23
LaTeX Info: Redefining \[ on input line 2953.
LaTeX Info: Redefining \] on input line 2954.
) (/usr/local/texlive/2024/texmf-dist/tex/latex/amsfonts/amssymb.sty
Package: amssymb 2013/01/14 v3.01 AMS font symbols
(/usr/local/texlive/2024/texmf-dist/tex/latex/amsfonts/amsfonts.sty
Package: amsfonts 2013/01/14 v3.01 Basic AMSFonts support
\symAMSa=\mathgroup4
\symAMSb=\mathgroup5
LaTeX Font Info:    Redeclaring math symbol \hbar on input line 98.
LaTeX Font Info:    Overwriting math alphabet `\mathfrak' in version `bold'
(Font)                  U/euf/m/n --> U/euf/b/n on input line 106.
)) (/usr/local/texlive/2024/texmf-dist/tex/latex/base/fontenc.sty
Package: fontenc 2021/04/29 v2.0v Standard LaTeX package
) (/usr/local/texlive/2024/texmf-dist/tex/latex/base/inputenc.sty
Package: inputenc 2021/02/14 v1.3d Input encoding file
\inpenc@prehook=\toks24
\inpenc@posthook=\toks25
) (/usr/local/texlive/2024/texmf-dist/tex/latex/base/textcomp.sty
Package: textcomp 2020/02/02 v2.0n Standard LaTeX package
) (/usr/local/texlive/2024/texmf-dist/tex/latex/lm/lmodern.sty
Package: lmodern 2015/05/01 v1.6.1 Latin Modern Fonts
LaTeX Font Info:    Overwriting symbol font `operators' in version `normal'
(Font)                  OT1/cmr/m/n --> OT1/lmr/m/n on input line 22.
LaTeX Font Info:    Overwriting symbol font `letters' in version `normal'
(Font)                  OML/cmm/m/it --> OML/lmm/m/it on input line 23.
LaTeX Font Info:    Overwriting symbol font `symbols' in version `normal'
(Font)                  OMS/cmsy/m/n --> OMS/lmsy/m/n on input line 24.
LaTeX Font Info:    Overwriting symbol font `largesymbols' in version `normal'
(Font)                  OMX/cmex/m/n --> OMX/lmex/m/n on input line 25.
LaTeX Font Info:    Overwriting symbol font `operators' in version `bold'
(Font)                  OT1/cmr/bx/n --> OT1/lmr/bx/n on input line 26.
LaTeX Font Info:    Overwriting symbol font `letters' in version `bold'
(Font)                  OML/cmm/b/it --> OML/lmm/b/it on input line 27.
LaTeX Font Info:    Overwriting symbol font `symbols' in version `bold'
(Font)                  OMS/cmsy/b/n --> OMS/lmsy/b/n on input line 28.
LaTeX Font Info:    Overwriting symbol font `largesymbols' in version `bold'
(Font)                  OMX/cmex/m/n --> OMX/lmex/m/n on input line 29.
LaTeX Font Info:    Overwriting math alphabet `\mathbf' in version `normal'
(Font)                  OT1/cmr/bx/n --> OT1/lmr/bx/n on input line 31.
LaTeX Font Info:    Overwriting math alphabet `\mathsf' in version `normal'
(Font)                  OT1/cmss/m/n --> OT1/lmss/m/n on input line 32.
LaTeX Font Info:    Overwriting math alphabet `\mathit' in version `normal'
(Font)                  OT1/cmr/m/it --> OT1/lmr/m/it on input line 33.
LaTeX Font Info:    Overwriting math alphabet `\mathtt' in version `normal'
(Font)                  OT1/cmtt/m/n --> OT1/lmtt/m/n on input line 34.
LaTeX Font Info:    Overwriting math alphabet `\mathbf' in version `bold'
(Font)                  OT1/cmr/bx/n --> OT1/lmr/bx/n on input line 35.
LaTeX Font Info:    Overwriting math alphabet `\mathsf' in version `bold'
(Font)                  OT1/cmss/bx/n --> OT1/lmss/bx/n on input line 36.
LaTeX Font Info:    Overwriting math alphabet `\mathit' in version `bold'
(Font)                  OT1/cmr/bx/it --> OT1/lmr/bx/it on input line 37.
LaTeX Font Info:    Overwriting math alphabet `\mathtt' in version `bold'
(Font)                  OT1/cmtt/m/n --> OT1/lmtt/m/n on input line 38.
) (/usr/local/texlive/2024/texmf-dist/tex/latex/upquote/upquote.sty
Package: upquote 2012/04/19 v1.3 upright-quote and grave-accent glyphs in verba
tim
) (/usr/local/texlive/2024/texmf-dist/tex/latex/microtype/microtype.sty
Package: microtype 2023/03/13 v3.1a Micro-typographical refinements (RS)
(/usr/local/texlive/2024/texmf-dist/tex/latex/etoolbox/etoolbox.sty
Package: etoolbox 2020/10/05 v2.5k e-TeX tools for LaTeX (JAW)
\etb@tempcnta=\count277
)
\MT@toks=\toks26
\MT@tempbox=\box53
\MT@count=\count278
LaTeX Info: Redefining \noprotrusionifhmode on input line 1059.
LaTeX Info: Redefining \leftprotrusion on input line 1060.
\MT@prot@toks=\toks27
LaTeX Info: Redefining \rightprotrusion on input line 1078.
LaTeX Info: Redefining \textls on input line 1368.
\MT@outer@kern=\dimen158
LaTeX Info: Redefining \textmicrotypecontext on input line 1988.
\MT@listname@count=\count279
(/usr/local/texlive/2024/texmf-dist/tex/latex/microtype/microtype-pdftex.def
File: microtype-pdftex.def 2023/03/13 v3.1a Definitions specific to pdftex (RS)

LaTeX Info: Redefining \lsstyle on input line 902.
LaTeX Info: Redefining \lslig on input line 902.
\MT@outer@space=\skip53
)
Package microtype Info: Loading configuration file microtype.cfg.
(/usr/local/texlive/2024/texmf-dist/tex/latex/microtype/microtype.cfg
File: microtype.cfg 2023/03/13 v3.1a microtype main configuration file (RS)
)) (/usr/local/texlive/2024/texmf-dist/tex/latex/parskip/parskip.sty
Package: parskip 2021-03-14 v2.0h non-zero parskip adjustments
(/usr/local/texlive/2024/texmf-dist/tex/latex/kvoptions/kvoptions.sty
Package: kvoptions 2022-06-15 v3.15 Key value format for package options (HO)
(/usr/local/texlive/2024/texmf-dist/tex/generic/ltxcmds/ltxcmds.sty
Package: ltxcmds 2023-12-04 v1.26 LaTeX kernel commands for general use (HO)
) (/usr/local/texlive/2024/texmf-dist/tex/latex/kvsetkeys/kvsetkeys.sty
Package: kvsetkeys 2022-10-05 v1.19 Key value parser (HO)
))) (/usr/local/texlive/2024/texmf-dist/tex/latex/tools/longtable.sty
Package: longtable 2023-11-01 v4.19 Multi-page Table package (DPC)
\LTleft=\skip54
\LTright=\skip55
\LTpre=\skip56
\LTpost=\skip57
\LTchunksize=\count280
\LTcapwidth=\dimen159
\LT@head=\box54
\LT@firsthead=\box55
\LT@foot=\box56
\LT@lastfoot=\box57
\LT@gbox=\box58
\LT@cols=\count281
\LT@rows=\count282
\c@LT@tables=\count283
\c@LT@chunks=\count284
\LT@p@ftn=\toks28
) (/usr/local/texlive/2024/texmf-dist/tex/latex/booktabs/booktabs.sty
Package: booktabs 2020/01/12 v1.61803398 Publication quality tables
\heavyrulewidth=\dimen160
\lightrulewidth=\dimen161
\cmidrulewidth=\dimen162
\belowrulesep=\dimen163
\belowbottomsep=\dimen164
\aboverulesep=\dimen165
\abovetopsep=\dimen166
\cmidrulesep=\dimen167
\cmidrulekern=\dimen168
\defaultaddspace=\dimen169
\@cmidla=\count285
\@cmidlb=\count286
\@aboverulesep=\dimen170
\@belowrulesep=\dimen171
\@thisruleclass=\count287
\@lastruleclass=\count288
\@thisrulewidth=\dimen172
) (/usr/local/texlive/2024/texmf-dist/tex/latex/tools/array.sty
Package: array 2023/10/16 v2.5g Tabular extension package (FMi)
\col@sep=\dimen173
\ar@mcellbox=\box59
\extrarowheight=\dimen174
\NC@list=\toks29
\extratabsurround=\skip58
\backup@length=\skip59
\ar@cellbox=\box60
) (/usr/local/texlive/2024/texmf-dist/tex/latex/tools/calc.sty
Package: calc 2023/07/08 v4.3 Infix arithmetic (KKT,FJ)
\calc@Acount=\count289
\calc@Bcount=\count290
\calc@Adimen=\dimen175
\calc@Bdimen=\dimen176
\calc@Askip=\skip60
\calc@Bskip=\skip61
LaTeX Info: Redefining \setlength on input line 80.
LaTeX Info: Redefining \addtolength on input line 81.
\calc@Ccount=\count291
\calc@Cskip=\skip62
) (/usr/local/texlive/2024/texmf-dist/tex/latex/footnotehyper/footnotehyper.sty
Package: footnotehyper 2021/08/13 v1.1e hyperref aware footnote.sty (JFB)
\FNH@notes=\box61
\FNH@width=\dimen177
\FNH@toks=\toks30
) (/usr/local/texlive/2024/texmf-dist/tex/latex/graphics/graphicx.sty
Package: graphicx 2021/09/16 v1.2d Enhanced LaTeX Graphics (DPC,SPQR)
(/usr/local/texlive/2024/texmf-dist/tex/latex/graphics/graphics.sty
Package: graphics 2022/03/10 v1.4e Standard LaTeX Graphics (DPC,SPQR)
(/usr/local/texlive/2024/texmf-dist/tex/latex/graphics/trig.sty
Package: trig 2021/08/11 v1.11 sin cos tan (DPC)
) (/usr/local/texlive/2024/texmf-dist/tex/latex/graphics-cfg/graphics.cfg
File: graphics.cfg 2016/06/04 v1.11 sample graphics configuration
)
Package graphics Info: Driver file: pdftex.def on input line 107.
)
\Gin@req@height=\dimen178
\Gin@req@width=\dimen179
)
\pandoc@box=\box62
(/usr/local/texlive/2024/texmf-dist/tex/latex/float/float.sty
Package: float 2001/11/08 v1.3d Float enhancements (AL)
\c@float@type=\count292
\float@exts=\toks31
\float@box=\box63
\@float@everytoks=\toks32
\@floatcapt=\box64
) (/usr/local/texlive/2024/texmf-dist/tex/latex/caption/caption.sty
Package: caption 2023/08/05 v3.6o Customizing captions (AR)
(/usr/local/texlive/2024/texmf-dist/tex/latex/caption/caption3.sty
Package: caption3 2023/07/31 v2.4d caption3 kernel (AR)
\caption@tempdima=\dimen180
\captionmargin=\dimen181
\caption@leftmargin=\dimen182
\caption@rightmargin=\dimen183
\caption@width=\dimen184
\caption@indent=\dimen185
\caption@parindent=\dimen186
\caption@hangindent=\dimen187
Package caption Info: Standard document class detected.
)
\c@caption@flags=\count293
\c@continuedfloat=\count294
Package caption Info: float package is loaded.
Package caption Info: longtable package is loaded.
(/usr/local/texlive/2024/texmf-dist/tex/latex/caption/ltcaption.sty
Package: ltcaption 2021/01/08 v1.4c longtable captions (AR)
)) (/usr/local/texlive/2024/texmf-dist/tex/latex/bookmark/bookmark.sty
Package: bookmark 2023-12-10 v1.31 PDF bookmarks (HO)
(/usr/local/texlive/2024/texmf-dist/tex/latex/hyperref/hyperref.sty
Package: hyperref 2024-01-20 v7.01h Hypertext links for LaTeX
(/usr/local/texlive/2024/texmf-dist/tex/generic/kvdefinekeys/kvdefinekeys.sty
Package: kvdefinekeys 2019-12-19 v1.6 Define keys (HO)
) (/usr/local/texlive/2024/texmf-dist/tex/generic/pdfescape/pdfescape.sty
Package: pdfescape 2019/12/09 v1.15 Implements pdfTeX's escape features (HO)
(/usr/local/texlive/2024/texmf-dist/tex/generic/pdftexcmds/pdftexcmds.sty
Package: pdftexcmds 2020-06-27 v0.33 Utility functions of pdfTeX for LuaTeX (HO
)
(/usr/local/texlive/2024/texmf-dist/tex/generic/infwarerr/infwarerr.sty
Package: infwarerr 2019/12/03 v1.5 Providing info/warning/error messages (HO)
)
Package pdftexcmds Info: \pdf@primitive is available.
Package pdftexcmds Info: \pdf@ifprimitive is available.
Package pdftexcmds Info: \pdfdraftmode found.
)) (/usr/local/texlive/2024/texmf-dist/tex/latex/hycolor/hycolor.sty
Package: hycolor 2020-01-27 v1.10 Color options for hyperref/bookmark (HO)
) (/usr/local/texlive/2024/texmf-dist/tex/latex/auxhook/auxhook.sty
Package: auxhook 2019-12-17 v1.6 Hooks for auxiliary files (HO)
) (/usr/local/texlive/2024/texmf-dist/tex/latex/hyperref/nameref.sty
Package: nameref 2023-11-26 v2.56 Cross-referencing by name of section
(/usr/local/texlive/2024/texmf-dist/tex/latex/refcount/refcount.sty
Package: refcount 2019/12/15 v3.6 Data extraction from label references (HO)
)
(/usr/local/texlive/2024/texmf-dist/tex/generic/gettitlestring/gettitlestring.s
ty
Package: gettitlestring 2019/12/15 v1.6 Cleanup title references (HO)
)
\c@section@level=\count295
)
\@linkdim=\dimen188
\Hy@linkcounter=\count296
\Hy@pagecounter=\count297
(/usr/local/texlive/2024/texmf-dist/tex/latex/hyperref/pd1enc.def
File: pd1enc.def 2024-01-20 v7.01h Hyperref: PDFDocEncoding definition (HO)
Now handling font encoding PD1 ...
... no UTF-8 mapping file for font encoding PD1
) (/usr/local/texlive/2024/texmf-dist/tex/generic/intcalc/intcalc.sty
Package: intcalc 2019/12/15 v1.3 Expandable calculations with integers (HO)
)
\Hy@SavedSpaceFactor=\count298
(/usr/local/texlive/2024/texmf-dist/tex/latex/hyperref/puenc.def
File: puenc.def 2024-01-20 v7.01h Hyperref: PDF Unicode definition (HO)
Now handling font encoding PU ...
... no UTF-8 mapping file for font encoding PU
)
Package hyperref Info: Option `unicode' set `true' on input line 4062.
Package hyperref Info: Hyper figures OFF on input line 4179.
Package hyperref Info: Link nesting OFF on input line 4184.
Package hyperref Info: Hyper index ON on input line 4187.
Package hyperref Info: Plain pages OFF on input line 4194.
Package hyperref Info: Backreferencing OFF on input line 4199.
Package hyperref Info: Implicit mode ON; LaTeX internals redefined.
Package hyperref Info: Bookmarks ON on input line 4446.
\c@Hy@tempcnt=\count299
(/usr/local/texlive/2024/texmf-dist/tex/latex/url/url.sty
\Urlmuskip=\muskip17
Package: url 2013/09/16  ver 3.4  Verb mode for urls, etc.
)
LaTeX Info: Redefining \url on input line 4784.
\XeTeXLinkMargin=\dimen189
(/usr/local/texlive/2024/texmf-dist/tex/generic/bitset/bitset.sty
Package: bitset 2019/12/09 v1.3 Handle bit-vector datatype (HO)
(/usr/local/texlive/2024/texmf-dist/tex/generic/bigintcalc/bigintcalc.sty
Package: bigintcalc 2019/12/15 v1.5 Expandable calculations on big integers (HO
)
))
\Fld@menulength=\count300
\Field@Width=\dimen190
\Fld@charsize=\dimen191
Package hyperref Info: Hyper figures OFF on input line 6063.
Package hyperref Info: Link nesting OFF on input line 6068.
Package hyperref Info: Hyper index ON on input line 6071.
Package hyperref Info: backreferencing OFF on input line 6078.
Package hyperref Info: Link coloring OFF on input line 6083.
Package hyperref Info: Link coloring with OCG OFF on input line 6088.
Package hyperref Info: PDF/A mode OFF on input line 6093.
(/usr/local/texlive/2024/texmf-dist/tex/latex/base/atbegshi-ltx.sty
Package: atbegshi-ltx 2021/01/10 v1.0c Emulation of the original atbegshi
package with kernel methods
)
\Hy@abspage=\count301
\c@Item=\count302
\c@Hfootnote=\count303
)
Package hyperref Info: Driver (autodetected): hpdftex.
(/usr/local/texlive/2024/texmf-dist/tex/latex/hyperref/hpdftex.def
File: hpdftex.def 2024-01-20 v7.01h Hyperref driver for pdfTeX
(/usr/local/texlive/2024/texmf-dist/tex/latex/base/atveryend-ltx.sty
Package: atveryend-ltx 2020/08/19 v1.0a Emulation of the original atveryend pac
kage
with kernel methods
)
\Fld@listcount=\count304
\c@bookmark@seq@number=\count305

(/usr/local/texlive/2024/texmf-dist/tex/latex/rerunfilecheck/rerunfilecheck.sty
Package: rerunfilecheck 2022-07-10 v1.10 Rerun checks for auxiliary files (HO)

(/usr/local/texlive/2024/texmf-dist/tex/generic/uniquecounter/uniquecounter.sty
Package: uniquecounter 2019/12/15 v1.4 Provide unlimited unique counter (HO)
)
Package uniquecounter Info: New unique counter `rerunfilecheck' on input line 2
85.
)
\Hy@SectionHShift=\skip63
) (/usr/local/texlive/2024/texmf-dist/tex/latex/bookmark/bkm-pdftex.def
File: bkm-pdftex.def 2023-12-10 v1.31 bookmark driver for pdfTeX and luaTeX (HO
)
\BKM@id=\count306
)) (/usr/local/texlive/2024/texmf-dist/tex/latex/xurl/xurl.sty
Package: xurl 2022/01/09 v 0.10 modify URL breaks
)
LaTeX Font Info:    Trying to load font information for T1+lmr on input line 92
.
(/usr/local/texlive/2024/texmf-dist/tex/latex/lm/t1lmr.fd
File: t1lmr.fd 2015/05/01 v1.6.1 Font defs for Latin Modern
) (/usr/local/texlive/2024/texmf-dist/tex/latex/l3backend/l3backend-pdftex.def
File: l3backend-pdftex.def 2024-02-20 L3 backend support: PDF output (pdfTeX)
\l__color_backend_stack_int=\count307
\l__pdf_internal_box=\box65
) (./Multi-Indicator-SAE-Mozambique.aux)
\openout1 = `Multi-Indicator-SAE-Mozambique.aux'.

LaTeX Font Info:    Checking defaults for OML/cmm/m/it on input line 92.
LaTeX Font Info:    ... okay on input line 92.
LaTeX Font Info:    Checking defaults for OMS/cmsy/m/n on input line 92.
LaTeX Font Info:    ... okay on input line 92.
LaTeX Font Info:    Checking defaults for OT1/cmr/m/n on input line 92.
LaTeX Font Info:    ... okay on input line 92.
LaTeX Font Info:    Checking defaults for T1/cmr/m/n on input line 92.
LaTeX Font Info:    ... okay on input line 92.
LaTeX Font Info:    Checking defaults for TS1/cmr/m/n on input line 92.
LaTeX Font Info:    ... okay on input line 92.
LaTeX Font Info:    Checking defaults for OMX/cmex/m/n on input line 92.
LaTeX Font Info:    ... okay on input line 92.
LaTeX Font Info:    Checking defaults for U/cmr/m/n on input line 92.
LaTeX Font Info:    ... okay on input line 92.
LaTeX Font Info:    Checking defaults for PD1/pdf/m/n on input line 92.
LaTeX Font Info:    ... okay on input line 92.
LaTeX Font Info:    Checking defaults for PU/pdf/m/n on input line 92.
LaTeX Font Info:    ... okay on input line 92.
(/usr/local/texlive/2024/texmf-dist/tex/context/base/mkii/supp-pdf.mkii
[Loading MPS to PDF converter (version 2006.09.02).]
\scratchcounter=\count308
\scratchdimen=\dimen192
\scratchbox=\box66
\nofMPsegments=\count309
\nofMParguments=\count310
\everyMPshowfont=\toks33
\MPscratchCnt=\count311
\MPscratchDim=\dimen193
\MPnumerator=\count312
\makeMPintoPDFobject=\count313
\everyMPtoPDFconversion=\toks34
) (/usr/local/texlive/2024/texmf-dist/tex/latex/epstopdf-pkg/epstopdf-base.sty
Package: epstopdf-base 2020-01-24 v2.11 Base part for package epstopdf
Package epstopdf-base Info: Redefining graphics rule for `.eps' on input line 4
85.
(/usr/local/texlive/2024/texmf-dist/tex/latex/latexconfig/epstopdf-sys.cfg
File: epstopdf-sys.cfg 2010/07/13 v1.3 Configuration of (r)epstopdf for TeX Liv
e
))
*geometry* driver: auto-detecting
*geometry* detected driver: pdftex
*geometry* verbose mode - [ preamble ] result:
* driver: pdftex
* paper: <default>
* layout: <same size as paper>
* layoutoffset:(h,v)=(0.0pt,0.0pt)
* modes: 
* h-part:(L,W,R)=(72.26999pt, 469.75502pt, 72.26999pt)
* v-part:(T,H,B)=(72.26999pt, 650.43001pt, 72.26999pt)
* \paperwidth=614.295pt
* \paperheight=794.96999pt
* \textwidth=469.75502pt
* \textheight=650.43001pt
* \oddsidemargin=0.0pt
* \evensidemargin=0.0pt
* \topmargin=-37.0pt
* \headheight=12.0pt
* \headsep=25.0pt
* \topskip=10.0pt
* \footskip=30.0pt
* \marginparwidth=65.0pt
* \marginparsep=11.0pt
* \columnsep=10.0pt
* \skip\footins=9.0pt plus 4.0pt minus 2.0pt
* \hoffset=0.0pt
* \voffset=0.0pt
* \mag=1000
* \@twocolumnfalse
* \@twosidefalse
* \@mparswitchfalse
* \@reversemarginfalse
* (1in=72.27pt=25.4mm, 1cm=28.453pt)

LaTeX Info: Redefining \microtypecontext on input line 92.
Package microtype Info: Applying patch `item' on input line 92.
Package microtype Info: Applying patch `toc' on input line 92.
Package microtype Info: Applying patch `eqnum' on input line 92.
Package microtype Info: Applying patch `footnote' on input line 92.
Package microtype Info: Applying patch `verbatim' on input line 92.
Package microtype Info: Generating PDF output.
Package microtype Info: Character protrusion enabled (level 2).
Package microtype Info: Using protrusion set `basicmath'.
Package microtype Info: Automatic font expansion enabled (level 2),
(microtype)             stretch: 20, shrink: 20, step: 1, non-selected.
Package microtype Info: Using default expansion set `alltext-nott'.
LaTeX Info: Redefining \showhyphens on input line 92.
Package microtype Info: No adjustment of tracking.
Package microtype Info: No adjustment of interword spacing.
Package microtype Info: No adjustment of character kerning.
(/usr/local/texlive/2024/texmf-dist/tex/latex/microtype/mt-cmr.cfg
File: mt-cmr.cfg 2013/05/19 v2.2 microtype config. file: Computer Modern Roman 
(RS)
)
Package caption Info: Begin \AtBeginDocument code.
Package caption Info: hyperref package is loaded.
Package caption Info: End \AtBeginDocument code.
Package hyperref Info: Link coloring OFF on input line 92.
LaTeX Font Info:    Trying to load font information for OT1+lmr on input line 9
4.
(/usr/local/texlive/2024/texmf-dist/tex/latex/lm/ot1lmr.fd
File: ot1lmr.fd 2015/05/01 v1.6.1 Font defs for Latin Modern
)
LaTeX Font Info:    Trying to load font information for OML+lmm on input line 9
4.
(/usr/local/texlive/2024/texmf-dist/tex/latex/lm/omllmm.fd
File: omllmm.fd 2015/05/01 v1.6.1 Font defs for Latin Modern
)
LaTeX Font Info:    Trying to load font information for OMS+lmsy on input line 
94.
(/usr/local/texlive/2024/texmf-dist/tex/latex/lm/omslmsy.fd
File: omslmsy.fd 2015/05/01 v1.6.1 Font defs for Latin Modern
)
LaTeX Font Info:    Trying to load font information for OMX+lmex on input line 
94.
(/usr/local/texlive/2024/texmf-dist/tex/latex/lm/omxlmex.fd
File: omxlmex.fd 2015/05/01 v1.6.1 Font defs for Latin Modern
)
LaTeX Font Info:    External font `lmex10' loaded for size
(Font)              <12> on input line 94.
LaTeX Font Info:    External font `lmex10' loaded for size
(Font)              <8> on input line 94.
LaTeX Font Info:    External font `lmex10' loaded for size
(Font)              <6> on input line 94.
LaTeX Font Info:    Trying to load font information for U+msa on input line 94.

(/usr/local/texlive/2024/texmf-dist/tex/latex/amsfonts/umsa.fd
File: umsa.fd 2013/01/14 v3.01 AMS symbols A
) (/usr/local/texlive/2024/texmf-dist/tex/latex/microtype/mt-msa.cfg
File: mt-msa.cfg 2006/02/04 v1.1 microtype config. file: AMS symbols (a) (RS)
)
LaTeX Font Info:    Trying to load font information for U+msb on input line 94.

(/usr/local/texlive/2024/texmf-dist/tex/latex/amsfonts/umsb.fd
File: umsb.fd 2013/01/14 v3.01 AMS symbols B
) (/usr/local/texlive/2024/texmf-dist/tex/latex/microtype/mt-msb.cfg
File: mt-msb.cfg 2005/06/01 v1.0 microtype config. file: AMS symbols (b) (RS)
) (./Multi-Indicator-SAE-Mozambique.toc
LaTeX Font Info:    External font `lmex10' loaded for size
(Font)              <10> on input line 1.
LaTeX Font Info:    External font `lmex10' loaded for size
(Font)              <7> on input line 1.
LaTeX Font Info:    External font `lmex10' loaded for size
(Font)              <5> on input line 1.
)
\tf@toc=\write3
\openout3 = `Multi-Indicator-SAE-Mozambique.toc'.

[1

{/usr/local/texlive/2024/texmf-var/fonts/map/pdftex/updmap/pdftex.map}{/usr/loc
al/texlive/2024/texmf-dist/fonts/enc/dvips/lm/lm-ec.enc}]
LaTeX Font Info:    Trying to load font information for TS1+lmr on input line 1
09.
(/usr/local/texlive/2024/texmf-dist/tex/latex/lm/ts1lmr.fd
File: ts1lmr.fd 2015/05/01 v1.6.1 Font defs for Latin Modern
) [2

{/usr/local/texlive/2024/texmf-dist/fonts/enc/dvips/lm/lm-ts1.enc}]
Overfull \hbox (41.55054pt too wide) in paragraph at lines 141--177
 [][] 
 []

[3]
LaTeX Font Info:    Trying to load font information for T1+lmtt on input line 1
83.
(/usr/local/texlive/2024/texmf-dist/tex/latex/lm/t1lmtt.fd
File: t1lmtt.fd 2015/05/01 v1.6.1 Font defs for Latin Modern
)
</Users/qianyu/Dropbox/binary_code/pcg/GATES/Gates-results/ReportPlots/Mozambiq
ue/Basic-FP_CUSM_W_MOD-2011.png, id=71, 722.7pt x 867.24pt>
File: /Users/qianyu/Dropbox/binary_code/pcg/GATES/Gates-results/ReportPlots/Moz
ambique/Basic-FP_CUSM_W_MOD-2011.png Graphic file (type png)
<use /Users/qianyu/Dropbox/binary_code/pcg/GATES/Gates-results/ReportPlots/Moza
mbique/Basic-FP_CUSM_W_MOD-2011.png>
Package pdftex.def Info: /Users/qianyu/Dropbox/binary_code/pcg/GATES/Gates-resu
lts/ReportPlots/Mozambique/Basic-FP_CUSM_W_MOD-2011.png  used on input line 191
.
(pdftex.def)             Requested size: 352.31625pt x 422.78111pt.
[4 </Users/qianyu/Dropbox/binary_code/pcg/GATES/Gates-results/ReportPlots/Mozam
bique/Basic-FP_CUSM_W_MOD-2011.png>]
</Users/qianyu/Dropbox/binary_code/pcg/GATES/Gates-results/ReportPlots/Mozambiq
ue/Basic-FP_CUSM_W_MOD-2022.png, id=77, 722.7pt x 867.24pt>
File: /Users/qianyu/Dropbox/binary_code/pcg/GATES/Gates-results/ReportPlots/Moz
ambique/Basic-FP_CUSM_W_MOD-2022.png Graphic file (type png)
<use /Users/qianyu/Dropbox/binary_code/pcg/GATES/Gates-results/ReportPlots/Moza
mbique/Basic-FP_CUSM_W_MOD-2022.png>
Package pdftex.def Info: /Users/qianyu/Dropbox/binary_code/pcg/GATES/Gates-resu
lts/ReportPlots/Mozambique/Basic-FP_CUSM_W_MOD-2022.png  used on input line 201
.
(pdftex.def)             Requested size: 352.31625pt x 422.78111pt.
[5 </Users/qianyu/Dropbox/binary_code/pcg/GATES/Gates-results/ReportPlots/Mozam
bique/Basic-FP_CUSM_W_MOD-2022.png>]
</Users/qianyu/Dropbox/binary_code/pcg/GATES/Gates-results/ReportPlots/Mozambiq
ue/ad1_map_FP_CUSM_W_MOD.png, id=82, 433.62pt x 650.43pt>
File: /Users/qianyu/Dropbox/binary_code/pcg/GATES/Gates-results/ReportPlots/Moz
ambique/ad1_map_FP_CUSM_W_MOD.png Graphic file (type png)
<use /Users/qianyu/Dropbox/binary_code/pcg/GATES/Gates-results/ReportPlots/Moza
mbique/ad1_map_FP_CUSM_W_MOD.png>
Package pdftex.def Info: /Users/qianyu/Dropbox/binary_code/pcg/GATES/Gates-resu
lts/ReportPlots/Mozambique/ad1_map_FP_CUSM_W_MOD.png  used on input line 209.
(pdftex.def)             Requested size: 375.80544pt x 563.7357pt.
[6 </Users/qianyu/Dropbox/binary_code/pcg/GATES/Gates-results/ReportPlots/Mozam
bique/ad1_map_FP_CUSM_W_MOD.png>]
</Users/qianyu/Dropbox/binary_code/pcg/GATES/Gates-results/ReportPlots/Mozambiq
ue/ad2_map_FP_CUSM_W_MOD.png, id=87, 433.62pt x 650.43pt>
File: /Users/qianyu/Dropbox/binary_code/pcg/GATES/Gates-results/ReportPlots/Moz
ambique/ad2_map_FP_CUSM_W_MOD.png Graphic file (type png)
<use /Users/qianyu/Dropbox/binary_code/pcg/GATES/Gates-results/ReportPlots/Moza
mbique/ad2_map_FP_CUSM_W_MOD.png>
Package pdftex.def Info: /Users/qianyu/Dropbox/binary_code/pcg/GATES/Gates-resu
lts/ReportPlots/Mozambique/ad2_map_FP_CUSM_W_MOD.png  used on input line 217.
(pdftex.def)             Requested size: 375.80544pt x 563.7357pt.
[7 </Users/qianyu/Dropbox/binary_code/pcg/GATES/Gates-results/ReportPlots/Mozam
bique/ad2_map_FP_CUSM_W_MOD.png>]
</Users/qianyu/Dropbox/binary_code/pcg/GATES/Gates-results/ReportPlots/Mozambiq
ue/scatter-FP_CUSM_W_MOD.png, id=93, 722.7pt x 722.7pt>
File: /Users/qianyu/Dropbox/binary_code/pcg/GATES/Gates-results/ReportPlots/Moz
ambique/scatter-FP_CUSM_W_MOD.png Graphic file (type png)
<use /Users/qianyu/Dropbox/binary_code/pcg/GATES/Gates-results/ReportPlots/Moza
mbique/scatter-FP_CUSM_W_MOD.png>
Package pdftex.def Info: /Users/qianyu/Dropbox/binary_code/pcg/GATES/Gates-resu
lts/ReportPlots/Mozambique/scatter-FP_CUSM_W_MOD.png  used on input line 225.
(pdftex.def)             Requested size: 328.82707pt x 328.82901pt.
[8 </Users/qianyu/Dropbox/binary_code/pcg/GATES/Gates-results/ReportPlots/Mozam
bique/scatter-FP_CUSM_W_MOD.png>]
</Users/qianyu/Dropbox/binary_code/pcg/GATES/Gates-results/ReportPlots/Mozambiq
ue/ridge_FP_CUSM_W_MOD.png, id=98, 1084.05pt x 1084.05pt>
File: /Users/qianyu/Dropbox/binary_code/pcg/GATES/Gates-results/ReportPlots/Moz
ambique/ridge_FP_CUSM_W_MOD.png Graphic file (type png)
<use /Users/qianyu/Dropbox/binary_code/pcg/GATES/Gates-results/ReportPlots/Moza
mbique/ridge_FP_CUSM_W_MOD.png>
Package pdftex.def Info: /Users/qianyu/Dropbox/binary_code/pcg/GATES/Gates-resu
lts/ReportPlots/Mozambique/ridge_FP_CUSM_W_MOD.png  used on input line 235.
(pdftex.def)             Requested size: 422.77664pt x 422.7778pt.
[9 </Users/qianyu/Dropbox/binary_code/pcg/GATES/Gates-results/ReportPlots/Mozam
bique/ridge_FP_CUSM_W_MOD.png>]
</Users/qianyu/Dropbox/binary_code/pcg/GATES/Gates-results/ReportPlots/Mozambiq
ue/interval-ad1-FP_CUSM_W_MOD.png, id=103, 1084.05pt x 722.7pt>
File: /Users/qianyu/Dropbox/binary_code/pcg/GATES/Gates-results/ReportPlots/Moz
ambique/interval-ad1-FP_CUSM_W_MOD.png Graphic file (type png)
<use /Users/qianyu/Dropbox/binary_code/pcg/GATES/Gates-results/ReportPlots/Moza
mbique/interval-ad1-FP_CUSM_W_MOD.png>
Package pdftex.def Info: /Users/qianyu/Dropbox/binary_code/pcg/GATES/Gates-resu
lts/ReportPlots/Mozambique/interval-ad1-FP_CUSM_W_MOD.png  used on input line 2
43.
(pdftex.def)             Requested size: 422.77664pt x 281.85185pt.
[10 </Users/qianyu/Dropbox/binary_code/pcg/GATES/Gates-results/ReportPlots/Moza
mbique/interval-ad1-FP_CUSM_W_MOD.png>]
</Users/qianyu/Dropbox/binary_code/pcg/GATES/Gates-results/ReportPlots/Mozambiq
ue/interval-ad2-FP_CUSM_W_MOD.png, id=108, 1084.05pt x 1084.05pt>
File: /Users/qianyu/Dropbox/binary_code/pcg/GATES/Gates-results/ReportPlots/Moz
ambique/interval-ad2-FP_CUSM_W_MOD.png Graphic file (type png)
<use /Users/qianyu/Dropbox/binary_code/pcg/GATES/Gates-results/ReportPlots/Moza
mbique/interval-ad2-FP_CUSM_W_MOD.png>
Package pdftex.def Info: /Users/qianyu/Dropbox/binary_code/pcg/GATES/Gates-resu
lts/ReportPlots/Mozambique/interval-ad2-FP_CUSM_W_MOD.png  used on input line 2
51.
(pdftex.def)             Requested size: 469.75502pt x 469.75496pt.
[11 </Users/qianyu/Dropbox/binary_code/pcg/GATES/Gates-results/ReportPlots/Moza
mbique/interval-ad2-FP_CUSM_W_MOD.png>]
</Users/qianyu/Dropbox/binary_code/pcg/GATES/Gates-results/ReportPlots/Mozambiq
ue/Basic-RH_ANCN_W_N4P-2011.png, id=113, 722.7pt x 867.24pt>
File: /Users/qianyu/Dropbox/binary_code/pcg/GATES/Gates-results/ReportPlots/Moz
ambique/Basic-RH_ANCN_W_N4P-2011.png Graphic file (type png)
<use /Users/qianyu/Dropbox/binary_code/pcg/GATES/Gates-results/ReportPlots/Moza
mbique/Basic-RH_ANCN_W_N4P-2011.png>
Package pdftex.def Info: /Users/qianyu/Dropbox/binary_code/pcg/GATES/Gates-resu
lts/ReportPlots/Mozambique/Basic-RH_ANCN_W_N4P-2011.png  used on input line 265
.
(pdftex.def)             Requested size: 352.31625pt x 422.78111pt.
[12 </Users/qianyu/Dropbox/binary_code/pcg/GATES/Gates-results/ReportPlots/Moza
mbique/Basic-RH_ANCN_W_N4P-2011.png>]
</Users/qianyu/Dropbox/binary_code/pcg/GATES/Gates-results/ReportPlots/Mozambiq
ue/Basic-RH_ANCN_W_N4P-2022.png, id=118, 722.7pt x 867.24pt>
File: /Users/qianyu/Dropbox/binary_code/pcg/GATES/Gates-results/ReportPlots/Moz
ambique/Basic-RH_ANCN_W_N4P-2022.png Graphic file (type png)
<use /Users/qianyu/Dropbox/binary_code/pcg/GATES/Gates-results/ReportPlots/Moza
mbique/Basic-RH_ANCN_W_N4P-2022.png>
Package pdftex.def Info: /Users/qianyu/Dropbox/binary_code/pcg/GATES/Gates-resu
lts/ReportPlots/Mozambique/Basic-RH_ANCN_W_N4P-2022.png  used on input line 275
.
(pdftex.def)             Requested size: 352.31625pt x 422.78111pt.
[13 </Users/qianyu/Dropbox/binary_code/pcg/GATES/Gates-results/ReportPlots/Moza
mbique/Basic-RH_ANCN_W_N4P-2022.png>]
</Users/qianyu/Dropbox/binary_code/pcg/GATES/Gates-results/ReportPlots/Mozambiq
ue/ad1_map_RH_ANCN_W_N4P.png, id=124, 433.62pt x 650.43pt>
File: /Users/qianyu/Dropbox/binary_code/pcg/GATES/Gates-results/ReportPlots/Moz
ambique/ad1_map_RH_ANCN_W_N4P.png Graphic file (type png)
<use /Users/qianyu/Dropbox/binary_code/pcg/GATES/Gates-results/ReportPlots/Moza
mbique/ad1_map_RH_ANCN_W_N4P.png>
Package pdftex.def Info: /Users/qianyu/Dropbox/binary_code/pcg/GATES/Gates-resu
lts/ReportPlots/Mozambique/ad1_map_RH_ANCN_W_N4P.png  used on input line 283.
(pdftex.def)             Requested size: 375.80544pt x 563.7357pt.
[14 </Users/qianyu/Dropbox/binary_code/pcg/GATES/Gates-results/ReportPlots/Moza
mbique/ad1_map_RH_ANCN_W_N4P.png>]
</Users/qianyu/Dropbox/binary_code/pcg/GATES/Gates-results/ReportPlots/Mozambiq
ue/ad2_map_RH_ANCN_W_N4P.png, id=129, 433.62pt x 650.43pt>
File: /Users/qianyu/Dropbox/binary_code/pcg/GATES/Gates-results/ReportPlots/Moz
ambique/ad2_map_RH_ANCN_W_N4P.png Graphic file (type png)
<use /Users/qianyu/Dropbox/binary_code/pcg/GATES/Gates-results/ReportPlots/Moza
mbique/ad2_map_RH_ANCN_W_N4P.png>
Package pdftex.def Info: /Users/qianyu/Dropbox/binary_code/pcg/GATES/Gates-resu
lts/ReportPlots/Mozambique/ad2_map_RH_ANCN_W_N4P.png  used on input line 291.
(pdftex.def)             Requested size: 375.80544pt x 563.7357pt.
[15 </Users/qianyu/Dropbox/binary_code/pcg/GATES/Gates-results/ReportPlots/Moza
mbique/ad2_map_RH_ANCN_W_N4P.png>]
</Users/qianyu/Dropbox/binary_code/pcg/GATES/Gates-results/ReportPlots/Mozambiq
ue/scatter-RH_ANCN_W_N4P.png, id=134, 722.7pt x 722.7pt>
File: /Users/qianyu/Dropbox/binary_code/pcg/GATES/Gates-results/ReportPlots/Moz
ambique/scatter-RH_ANCN_W_N4P.png Graphic file (type png)
<use /Users/qianyu/Dropbox/binary_code/pcg/GATES/Gates-results/ReportPlots/Moza
mbique/scatter-RH_ANCN_W_N4P.png>
Package pdftex.def Info: /Users/qianyu/Dropbox/binary_code/pcg/GATES/Gates-resu
lts/ReportPlots/Mozambique/scatter-RH_ANCN_W_N4P.png  used on input line 299.
(pdftex.def)             Requested size: 328.82707pt x 328.82901pt.
[16 </Users/qianyu/Dropbox/binary_code/pcg/GATES/Gates-results/ReportPlots/Moza
mbique/scatter-RH_ANCN_W_N4P.png>]
</Users/qianyu/Dropbox/binary_code/pcg/GATES/Gates-results/ReportPlots/Mozambiq
ue/ridge_RH_ANCN_W_N4P.png, id=139, 1084.05pt x 1084.05pt>
File: /Users/qianyu/Dropbox/binary_code/pcg/GATES/Gates-results/ReportPlots/Moz
ambique/ridge_RH_ANCN_W_N4P.png Graphic file (type png)
<use /Users/qianyu/Dropbox/binary_code/pcg/GATES/Gates-results/ReportPlots/Moza
mbique/ridge_RH_ANCN_W_N4P.png>
Package pdftex.def Info: /Users/qianyu/Dropbox/binary_code/pcg/GATES/Gates-resu
lts/ReportPlots/Mozambique/ridge_RH_ANCN_W_N4P.png  used on input line 309.
(pdftex.def)             Requested size: 422.77664pt x 422.7778pt.
[17 </Users/qianyu/Dropbox/binary_code/pcg/GATES/Gates-results/ReportPlots/Moza
mbique/ridge_RH_ANCN_W_N4P.png>]
</Users/qianyu/Dropbox/binary_code/pcg/GATES/Gates-results/ReportPlots/Mozambiq
ue/interval-ad1-RH_ANCN_W_N4P.png, id=144, 1084.05pt x 722.7pt>
File: /Users/qianyu/Dropbox/binary_code/pcg/GATES/Gates-results/ReportPlots/Moz
ambique/interval-ad1-RH_ANCN_W_N4P.png Graphic file (type png)
<use /Users/qianyu/Dropbox/binary_code/pcg/GATES/Gates-results/ReportPlots/Moza
mbique/interval-ad1-RH_ANCN_W_N4P.png>
Package pdftex.def Info: /Users/qianyu/Dropbox/binary_code/pcg/GATES/Gates-resu
lts/ReportPlots/Mozambique/interval-ad1-RH_ANCN_W_N4P.png  used on input line 3
17.
(pdftex.def)             Requested size: 422.77664pt x 281.85185pt.
[18 </Users/qianyu/Dropbox/binary_code/pcg/GATES/Gates-results/ReportPlots/Moza
mbique/interval-ad1-RH_ANCN_W_N4P.png>]
</Users/qianyu/Dropbox/binary_code/pcg/GATES/Gates-results/ReportPlots/Mozambiq
ue/interval-ad2-RH_ANCN_W_N4P.png, id=149, 1084.05pt x 1084.05pt>
File: /Users/qianyu/Dropbox/binary_code/pcg/GATES/Gates-results/ReportPlots/Moz
ambique/interval-ad2-RH_ANCN_W_N4P.png Graphic file (type png)
<use /Users/qianyu/Dropbox/binary_code/pcg/GATES/Gates-results/ReportPlots/Moza
mbique/interval-ad2-RH_ANCN_W_N4P.png>
Package pdftex.def Info: /Users/qianyu/Dropbox/binary_code/pcg/GATES/Gates-resu
lts/ReportPlots/Mozambique/interval-ad2-RH_ANCN_W_N4P.png  used on input line 3
25.
(pdftex.def)             Requested size: 469.75502pt x 469.75496pt.
[19 </Users/qianyu/Dropbox/binary_code/pcg/GATES/Gates-results/ReportPlots/Moza
mbique/interval-ad2-RH_ANCN_W_N4P.png>]
</Users/qianyu/Dropbox/binary_code/pcg/GATES/Gates-results/ReportPlots/Mozambiq
ue/Basic-RH_DELA_C_SKP-2011.png, id=155, 722.7pt x 867.24pt>
File: /Users/qianyu/Dropbox/binary_code/pcg/GATES/Gates-results/ReportPlots/Moz
ambique/Basic-RH_DELA_C_SKP-2011.png Graphic file (type png)
<use /Users/qianyu/Dropbox/binary_code/pcg/GATES/Gates-results/ReportPlots/Moza
mbique/Basic-RH_DELA_C_SKP-2011.png>
Package pdftex.def Info: /Users/qianyu/Dropbox/binary_code/pcg/GATES/Gates-resu
lts/ReportPlots/Mozambique/Basic-RH_DELA_C_SKP-2011.png  used on input line 339
.
(pdftex.def)             Requested size: 352.31625pt x 422.78111pt.
[20 </Users/qianyu/Dropbox/binary_code/pcg/GATES/Gates-results/ReportPlots/Moza
mbique/Basic-RH_DELA_C_SKP-2011.png>]
</Users/qianyu/Dropbox/binary_code/pcg/GATES/Gates-results/ReportPlots/Mozambiq
ue/Basic-RH_DELA_C_SKP-2022.png, id=160, 722.7pt x 867.24pt>
File: /Users/qianyu/Dropbox/binary_code/pcg/GATES/Gates-results/ReportPlots/Moz
ambique/Basic-RH_DELA_C_SKP-2022.png Graphic file (type png)
<use /Users/qianyu/Dropbox/binary_code/pcg/GATES/Gates-results/ReportPlots/Moza
mbique/Basic-RH_DELA_C_SKP-2022.png>
Package pdftex.def Info: /Users/qianyu/Dropbox/binary_code/pcg/GATES/Gates-resu
lts/ReportPlots/Mozambique/Basic-RH_DELA_C_SKP-2022.png  used on input line 349
.
(pdftex.def)             Requested size: 352.31625pt x 422.78111pt.
[21 </Users/qianyu/Dropbox/binary_code/pcg/GATES/Gates-results/ReportPlots/Moza
mbique/Basic-RH_DELA_C_SKP-2022.png>]
</Users/qianyu/Dropbox/binary_code/pcg/GATES/Gates-results/ReportPlots/Mozambiq
ue/ad1_map_RH_DELA_C_SKP.png, id=165, 433.62pt x 650.43pt>
File: /Users/qianyu/Dropbox/binary_code/pcg/GATES/Gates-results/ReportPlots/Moz
ambique/ad1_map_RH_DELA_C_SKP.png Graphic file (type png)
<use /Users/qianyu/Dropbox/binary_code/pcg/GATES/Gates-results/ReportPlots/Moza
mbique/ad1_map_RH_DELA_C_SKP.png>
Package pdftex.def Info: /Users/qianyu/Dropbox/binary_code/pcg/GATES/Gates-resu
lts/ReportPlots/Mozambique/ad1_map_RH_DELA_C_SKP.png  used on input line 357.
(pdftex.def)             Requested size: 375.80544pt x 563.7357pt.
[22 </Users/qianyu/Dropbox/binary_code/pcg/GATES/Gates-results/ReportPlots/Moza
mbique/ad1_map_RH_DELA_C_SKP.png>]
</Users/qianyu/Dropbox/binary_code/pcg/GATES/Gates-results/ReportPlots/Mozambiq
ue/ad2_map_RH_DELA_C_SKP.png, id=170, 433.62pt x 650.43pt>
File: /Users/qianyu/Dropbox/binary_code/pcg/GATES/Gates-results/ReportPlots/Moz
ambique/ad2_map_RH_DELA_C_SKP.png Graphic file (type png)
<use /Users/qianyu/Dropbox/binary_code/pcg/GATES/Gates-results/ReportPlots/Moza
mbique/ad2_map_RH_DELA_C_SKP.png>
Package pdftex.def Info: /Users/qianyu/Dropbox/binary_code/pcg/GATES/Gates-resu
lts/ReportPlots/Mozambique/ad2_map_RH_DELA_C_SKP.png  used on input line 365.
(pdftex.def)             Requested size: 375.80544pt x 563.7357pt.
[23 </Users/qianyu/Dropbox/binary_code/pcg/GATES/Gates-results/ReportPlots/Moza
mbique/ad2_map_RH_DELA_C_SKP.png>]
</Users/qianyu/Dropbox/binary_code/pcg/GATES/Gates-results/ReportPlots/Mozambiq
ue/scatter-RH_DELA_C_SKP.png, id=176, 722.7pt x 722.7pt>
File: /Users/qianyu/Dropbox/binary_code/pcg/GATES/Gates-results/ReportPlots/Moz
ambique/scatter-RH_DELA_C_SKP.png Graphic file (type png)
<use /Users/qianyu/Dropbox/binary_code/pcg/GATES/Gates-results/ReportPlots/Moza
mbique/scatter-RH_DELA_C_SKP.png>
Package pdftex.def Info: /Users/qianyu/Dropbox/binary_code/pcg/GATES/Gates-resu
lts/ReportPlots/Mozambique/scatter-RH_DELA_C_SKP.png  used on input line 373.
(pdftex.def)             Requested size: 328.82707pt x 328.82901pt.
[24 </Users/qianyu/Dropbox/binary_code/pcg/GATES/Gates-results/ReportPlots/Moza
mbique/scatter-RH_DELA_C_SKP.png>]
</Users/qianyu/Dropbox/binary_code/pcg/GATES/Gates-results/ReportPlots/Mozambiq
ue/ridge_RH_DELA_C_SKP.png, id=181, 1084.05pt x 1084.05pt>
File: /Users/qianyu/Dropbox/binary_code/pcg/GATES/Gates-results/ReportPlots/Moz
ambique/ridge_RH_DELA_C_SKP.png Graphic file (type png)
<use /Users/qianyu/Dropbox/binary_code/pcg/GATES/Gates-results/ReportPlots/Moza
mbique/ridge_RH_DELA_C_SKP.png>
Package pdftex.def Info: /Users/qianyu/Dropbox/binary_code/pcg/GATES/Gates-resu
lts/ReportPlots/Mozambique/ridge_RH_DELA_C_SKP.png  used on input line 383.
(pdftex.def)             Requested size: 422.77664pt x 422.7778pt.
[25 </Users/qianyu/Dropbox/binary_code/pcg/GATES/Gates-results/ReportPlots/Moza
mbique/ridge_RH_DELA_C_SKP.png>]
</Users/qianyu/Dropbox/binary_code/pcg/GATES/Gates-results/ReportPlots/Mozambiq
ue/interval-ad1-RH_DELA_C_SKP.png, id=187, 1084.05pt x 722.7pt>
File: /Users/qianyu/Dropbox/binary_code/pcg/GATES/Gates-results/ReportPlots/Moz
ambique/interval-ad1-RH_DELA_C_SKP.png Graphic file (type png)
<use /Users/qianyu/Dropbox/binary_code/pcg/GATES/Gates-results/ReportPlots/Moza
mbique/interval-ad1-RH_DELA_C_SKP.png>
Package pdftex.def Info: /Users/qianyu/Dropbox/binary_code/pcg/GATES/Gates-resu
lts/ReportPlots/Mozambique/interval-ad1-RH_DELA_C_SKP.png  used on input line 3
91.
(pdftex.def)             Requested size: 422.77664pt x 281.85185pt.
[26 </Users/qianyu/Dropbox/binary_code/pcg/GATES/Gates-results/ReportPlots/Moza
mbique/interval-ad1-RH_DELA_C_SKP.png>]
</Users/qianyu/Dropbox/binary_code/pcg/GATES/Gates-results/ReportPlots/Mozambiq
ue/interval-ad2-RH_DELA_C_SKP.png, id=192, 1084.05pt x 1084.05pt>
File: /Users/qianyu/Dropbox/binary_code/pcg/GATES/Gates-results/ReportPlots/Moz
ambique/interval-ad2-RH_DELA_C_SKP.png Graphic file (type png)
<use /Users/qianyu/Dropbox/binary_code/pcg/GATES/Gates-results/ReportPlots/Moza
mbique/interval-ad2-RH_DELA_C_SKP.png>
Package pdftex.def Info: /Users/qianyu/Dropbox/binary_code/pcg/GATES/Gates-resu
lts/ReportPlots/Mozambique/interval-ad2-RH_DELA_C_SKP.png  used on input line 3
99.
(pdftex.def)             Requested size: 469.75502pt x 469.75496pt.
[27 </Users/qianyu/Dropbox/binary_code/pcg/GATES/Gates-results/ReportPlots/Moza
mbique/interval-ad2-RH_DELA_C_SKP.png>]
</Users/qianyu/Dropbox/binary_code/pcg/GATES/Gates-results/ReportPlots/Mozambiq
ue/Basic-RH_DELP_C_DHT-2011.png, id=197, 722.7pt x 867.24pt>
File: /Users/qianyu/Dropbox/binary_code/pcg/GATES/Gates-results/ReportPlots/Moz
ambique/Basic-RH_DELP_C_DHT-2011.png Graphic file (type png)
<use /Users/qianyu/Dropbox/binary_code/pcg/GATES/Gates-results/ReportPlots/Moza
mbique/Basic-RH_DELP_C_DHT-2011.png>
Package pdftex.def Info: /Users/qianyu/Dropbox/binary_code/pcg/GATES/Gates-resu
lts/ReportPlots/Mozambique/Basic-RH_DELP_C_DHT-2011.png  used on input line 413
.
(pdftex.def)             Requested size: 352.31625pt x 422.78111pt.
[28 </Users/qianyu/Dropbox/binary_code/pcg/GATES/Gates-results/ReportPlots/Moza
mbique/Basic-RH_DELP_C_DHT-2011.png>]
</Users/qianyu/Dropbox/binary_code/pcg/GATES/Gates-results/ReportPlots/Mozambiq
ue/Basic-RH_DELP_C_DHT-2022.png, id=202, 722.7pt x 867.24pt>
File: /Users/qianyu/Dropbox/binary_code/pcg/GATES/Gates-results/ReportPlots/Moz
ambique/Basic-RH_DELP_C_DHT-2022.png Graphic file (type png)
<use /Users/qianyu/Dropbox/binary_code/pcg/GATES/Gates-results/ReportPlots/Moza
mbique/Basic-RH_DELP_C_DHT-2022.png>
Package pdftex.def Info: /Users/qianyu/Dropbox/binary_code/pcg/GATES/Gates-resu
lts/ReportPlots/Mozambique/Basic-RH_DELP_C_DHT-2022.png  used on input line 423
.
(pdftex.def)             Requested size: 352.31625pt x 422.78111pt.
[29 </Users/qianyu/Dropbox/binary_code/pcg/GATES/Gates-results/ReportPlots/Moza
mbique/Basic-RH_DELP_C_DHT-2022.png>]
</Users/qianyu/Dropbox/binary_code/pcg/GATES/Gates-results/ReportPlots/Mozambiq
ue/ad1_map_RH_DELP_C_DHT.png, id=207, 433.62pt x 650.43pt>
File: /Users/qianyu/Dropbox/binary_code/pcg/GATES/Gates-results/ReportPlots/Moz
ambique/ad1_map_RH_DELP_C_DHT.png Graphic file (type png)
<use /Users/qianyu/Dropbox/binary_code/pcg/GATES/Gates-results/ReportPlots/Moza
mbique/ad1_map_RH_DELP_C_DHT.png>
Package pdftex.def Info: /Users/qianyu/Dropbox/binary_code/pcg/GATES/Gates-resu
lts/ReportPlots/Mozambique/ad1_map_RH_DELP_C_DHT.png  used on input line 431.
(pdftex.def)             Requested size: 375.80544pt x 563.7357pt.
[30 </Users/qianyu/Dropbox/binary_code/pcg/GATES/Gates-results/ReportPlots/Moza
mbique/ad1_map_RH_DELP_C_DHT.png>]
</Users/qianyu/Dropbox/binary_code/pcg/GATES/Gates-results/ReportPlots/Mozambiq
ue/ad2_map_RH_DELP_C_DHT.png, id=212, 433.62pt x 650.43pt>
File: /Users/qianyu/Dropbox/binary_code/pcg/GATES/Gates-results/ReportPlots/Moz
ambique/ad2_map_RH_DELP_C_DHT.png Graphic file (type png)
<use /Users/qianyu/Dropbox/binary_code/pcg/GATES/Gates-results/ReportPlots/Moza
mbique/ad2_map_RH_DELP_C_DHT.png>
Package pdftex.def Info: /Users/qianyu/Dropbox/binary_code/pcg/GATES/Gates-resu
lts/ReportPlots/Mozambique/ad2_map_RH_DELP_C_DHT.png  used on input line 439.
(pdftex.def)             Requested size: 375.80544pt x 563.7357pt.
[31 </Users/qianyu/Dropbox/binary_code/pcg/GATES/Gates-results/ReportPlots/Moza
mbique/ad2_map_RH_DELP_C_DHT.png>]
</Users/qianyu/Dropbox/binary_code/pcg/GATES/Gates-results/ReportPlots/Mozambiq
ue/scatter-RH_DELP_C_DHT.png, id=218, 722.7pt x 722.7pt>
File: /Users/qianyu/Dropbox/binary_code/pcg/GATES/Gates-results/ReportPlots/Moz
ambique/scatter-RH_DELP_C_DHT.png Graphic file (type png)
<use /Users/qianyu/Dropbox/binary_code/pcg/GATES/Gates-results/ReportPlots/Moza
mbique/scatter-RH_DELP_C_DHT.png>
Package pdftex.def Info: /Users/qianyu/Dropbox/binary_code/pcg/GATES/Gates-resu
lts/ReportPlots/Mozambique/scatter-RH_DELP_C_DHT.png  used on input line 447.
(pdftex.def)             Requested size: 328.82707pt x 328.82901pt.
[32 </Users/qianyu/Dropbox/binary_code/pcg/GATES/Gates-results/ReportPlots/Moza
mbique/scatter-RH_DELP_C_DHT.png>]
</Users/qianyu/Dropbox/binary_code/pcg/GATES/Gates-results/ReportPlots/Mozambiq
ue/ridge_RH_DELP_C_DHT.png, id=223, 1084.05pt x 1084.05pt>
File: /Users/qianyu/Dropbox/binary_code/pcg/GATES/Gates-results/ReportPlots/Moz
ambique/ridge_RH_DELP_C_DHT.png Graphic file (type png)
<use /Users/qianyu/Dropbox/binary_code/pcg/GATES/Gates-results/ReportPlots/Moza
mbique/ridge_RH_DELP_C_DHT.png>
Package pdftex.def Info: /Users/qianyu/Dropbox/binary_code/pcg/GATES/Gates-resu
lts/ReportPlots/Mozambique/ridge_RH_DELP_C_DHT.png  used on input line 457.
(pdftex.def)             Requested size: 422.77664pt x 422.7778pt.
[33 </Users/qianyu/Dropbox/binary_code/pcg/GATES/Gates-results/ReportPlots/Moza
mbique/ridge_RH_DELP_C_DHT.png>]
</Users/qianyu/Dropbox/binary_code/pcg/GATES/Gates-results/ReportPlots/Mozambiq
ue/interval-ad1-RH_DELP_C_DHT.png, id=228, 1084.05pt x 722.7pt>
File: /Users/qianyu/Dropbox/binary_code/pcg/GATES/Gates-results/ReportPlots/Moz
ambique/interval-ad1-RH_DELP_C_DHT.png Graphic file (type png)
<use /Users/qianyu/Dropbox/binary_code/pcg/GATES/Gates-results/ReportPlots/Moza
mbique/interval-ad1-RH_DELP_C_DHT.png>
Package pdftex.def Info: /Users/qianyu/Dropbox/binary_code/pcg/GATES/Gates-resu
lts/ReportPlots/Mozambique/interval-ad1-RH_DELP_C_DHT.png  used on input line 4
65.
(pdftex.def)             Requested size: 422.77664pt x 281.85185pt.
[34 </Users/qianyu/Dropbox/binary_code/pcg/GATES/Gates-results/ReportPlots/Moza
mbique/interval-ad1-RH_DELP_C_DHT.png>]
</Users/qianyu/Dropbox/binary_code/pcg/GATES/Gates-results/ReportPlots/Mozambiq
ue/interval-ad2-RH_DELP_C_DHT.png, id=233, 1084.05pt x 1084.05pt>
File: /Users/qianyu/Dropbox/binary_code/pcg/GATES/Gates-results/ReportPlots/Moz
ambique/interval-ad2-RH_DELP_C_DHT.png Graphic file (type png)
<use /Users/qianyu/Dropbox/binary_code/pcg/GATES/Gates-results/ReportPlots/Moza
mbique/interval-ad2-RH_DELP_C_DHT.png>
Package pdftex.def Info: /Users/qianyu/Dropbox/binary_code/pcg/GATES/Gates-resu
lts/ReportPlots/Mozambique/interval-ad2-RH_DELP_C_DHT.png  used on input line 4
73.
(pdftex.def)             Requested size: 469.75502pt x 469.75496pt.
[35 </Users/qianyu/Dropbox/binary_code/pcg/GATES/Gates-results/ReportPlots/Moza
mbique/interval-ad2-RH_DELP_C_DHT.png>]
</Users/qianyu/Dropbox/binary_code/pcg/GATES/Gates-results/ReportPlots/Mozambiq
ue/Basic-RH_DELP_C_PUT-2011.png, id=238, 722.7pt x 867.24pt>
File: /Users/qianyu/Dropbox/binary_code/pcg/GATES/Gates-results/ReportPlots/Moz
ambique/Basic-RH_DELP_C_PUT-2011.png Graphic file (type png)
<use /Users/qianyu/Dropbox/binary_code/pcg/GATES/Gates-results/ReportPlots/Moza
mbique/Basic-RH_DELP_C_PUT-2011.png>
Package pdftex.def Info: /Users/qianyu/Dropbox/binary_code/pcg/GATES/Gates-resu
lts/ReportPlots/Mozambique/Basic-RH_DELP_C_PUT-2011.png  used on input line 487
.
(pdftex.def)             Requested size: 352.31625pt x 422.78111pt.
[36 </Users/qianyu/Dropbox/binary_code/pcg/GATES/Gates-results/ReportPlots/Moza
mbique/Basic-RH_DELP_C_PUT-2011.png>]
</Users/qianyu/Dropbox/binary_code/pcg/GATES/Gates-results/ReportPlots/Mozambiq
ue/Basic-RH_DELP_C_PUT-2022.png, id=243, 722.7pt x 867.24pt>
File: /Users/qianyu/Dropbox/binary_code/pcg/GATES/Gates-results/ReportPlots/Moz
ambique/Basic-RH_DELP_C_PUT-2022.png Graphic file (type png)
<use /Users/qianyu/Dropbox/binary_code/pcg/GATES/Gates-results/ReportPlots/Moza
mbique/Basic-RH_DELP_C_PUT-2022.png>
Package pdftex.def Info: /Users/qianyu/Dropbox/binary_code/pcg/GATES/Gates-resu
lts/ReportPlots/Mozambique/Basic-RH_DELP_C_PUT-2022.png  used on input line 497
.
(pdftex.def)             Requested size: 352.31625pt x 422.78111pt.
[37 </Users/qianyu/Dropbox/binary_code/pcg/GATES/Gates-results/ReportPlots/Moza
mbique/Basic-RH_DELP_C_PUT-2022.png>]
</Users/qianyu/Dropbox/binary_code/pcg/GATES/Gates-results/ReportPlots/Mozambiq
ue/ad1_map_RH_DELP_C_PUT.png, id=249, 433.62pt x 650.43pt>
File: /Users/qianyu/Dropbox/binary_code/pcg/GATES/Gates-results/ReportPlots/Moz
ambique/ad1_map_RH_DELP_C_PUT.png Graphic file (type png)
<use /Users/qianyu/Dropbox/binary_code/pcg/GATES/Gates-results/ReportPlots/Moza
mbique/ad1_map_RH_DELP_C_PUT.png>
Package pdftex.def Info: /Users/qianyu/Dropbox/binary_code/pcg/GATES/Gates-resu
lts/ReportPlots/Mozambique/ad1_map_RH_DELP_C_PUT.png  used on input line 505.
(pdftex.def)             Requested size: 375.80544pt x 563.7357pt.
[38 </Users/qianyu/Dropbox/binary_code/pcg/GATES/Gates-results/ReportPlots/Moza
mbique/ad1_map_RH_DELP_C_PUT.png>]
</Users/qianyu/Dropbox/binary_code/pcg/GATES/Gates-results/ReportPlots/Mozambiq
ue/ad2_map_RH_DELP_C_PUT.png, id=254, 433.62pt x 650.43pt>
File: /Users/qianyu/Dropbox/binary_code/pcg/GATES/Gates-results/ReportPlots/Moz
ambique/ad2_map_RH_DELP_C_PUT.png Graphic file (type png)
<use /Users/qianyu/Dropbox/binary_code/pcg/GATES/Gates-results/ReportPlots/Moza
mbique/ad2_map_RH_DELP_C_PUT.png>
Package pdftex.def Info: /Users/qianyu/Dropbox/binary_code/pcg/GATES/Gates-resu
lts/ReportPlots/Mozambique/ad2_map_RH_DELP_C_PUT.png  used on input line 513.
(pdftex.def)             Requested size: 375.80544pt x 563.7357pt.
[39 </Users/qianyu/Dropbox/binary_code/pcg/GATES/Gates-results/ReportPlots/Moza
mbique/ad2_map_RH_DELP_C_PUT.png>]
</Users/qianyu/Dropbox/binary_code/pcg/GATES/Gates-results/ReportPlots/Mozambiq
ue/scatter-RH_DELP_C_PUT.png, id=259, 722.7pt x 722.7pt>
File: /Users/qianyu/Dropbox/binary_code/pcg/GATES/Gates-results/ReportPlots/Moz
ambique/scatter-RH_DELP_C_PUT.png Graphic file (type png)
<use /Users/qianyu/Dropbox/binary_code/pcg/GATES/Gates-results/ReportPlots/Moza
mbique/scatter-RH_DELP_C_PUT.png>
Package pdftex.def Info: /Users/qianyu/Dropbox/binary_code/pcg/GATES/Gates-resu
lts/ReportPlots/Mozambique/scatter-RH_DELP_C_PUT.png  used on input line 521.
(pdftex.def)             Requested size: 328.82707pt x 328.82901pt.
[40 </Users/qianyu/Dropbox/binary_code/pcg/GATES/Gates-results/ReportPlots/Moza
mbique/scatter-RH_DELP_C_PUT.png>]
</Users/qianyu/Dropbox/binary_code/pcg/GATES/Gates-results/ReportPlots/Mozambiq
ue/ridge_RH_DELP_C_PUT.png, id=264, 1084.05pt x 1084.05pt>
File: /Users/qianyu/Dropbox/binary_code/pcg/GATES/Gates-results/ReportPlots/Moz
ambique/ridge_RH_DELP_C_PUT.png Graphic file (type png)
<use /Users/qianyu/Dropbox/binary_code/pcg/GATES/Gates-results/ReportPlots/Moza
mbique/ridge_RH_DELP_C_PUT.png>
Package pdftex.def Info: /Users/qianyu/Dropbox/binary_code/pcg/GATES/Gates-resu
lts/ReportPlots/Mozambique/ridge_RH_DELP_C_PUT.png  used on input line 531.
(pdftex.def)             Requested size: 422.77664pt x 422.7778pt.
[41 </Users/qianyu/Dropbox/binary_code/pcg/GATES/Gates-results/ReportPlots/Moza
mbique/ridge_RH_DELP_C_PUT.png>]
</Users/qianyu/Dropbox/binary_code/pcg/GATES/Gates-results/ReportPlots/Mozambiq
ue/interval-ad1-RH_DELP_C_PUT.png, id=269, 1084.05pt x 722.7pt>
File: /Users/qianyu/Dropbox/binary_code/pcg/GATES/Gates-results/ReportPlots/Moz
ambique/interval-ad1-RH_DELP_C_PUT.png Graphic file (type png)
<use /Users/qianyu/Dropbox/binary_code/pcg/GATES/Gates-results/ReportPlots/Moza
mbique/interval-ad1-RH_DELP_C_PUT.png>
Package pdftex.def Info: /Users/qianyu/Dropbox/binary_code/pcg/GATES/Gates-resu
lts/ReportPlots/Mozambique/interval-ad1-RH_DELP_C_PUT.png  used on input line 5
39.
(pdftex.def)             Requested size: 422.77664pt x 281.85185pt.
[42 </Users/qianyu/Dropbox/binary_code/pcg/GATES/Gates-results/ReportPlots/Moza
mbique/interval-ad1-RH_DELP_C_PUT.png>]
</Users/qianyu/Dropbox/binary_code/pcg/GATES/Gates-results/ReportPlots/Mozambiq
ue/interval-ad2-RH_DELP_C_PUT.png, id=274, 1084.05pt x 1084.05pt>
File: /Users/qianyu/Dropbox/binary_code/pcg/GATES/Gates-results/ReportPlots/Moz
ambique/interval-ad2-RH_DELP_C_PUT.png Graphic file (type png)
<use /Users/qianyu/Dropbox/binary_code/pcg/GATES/Gates-results/ReportPlots/Moza
mbique/interval-ad2-RH_DELP_C_PUT.png>
Package pdftex.def Info: /Users/qianyu/Dropbox/binary_code/pcg/GATES/Gates-resu
lts/ReportPlots/Mozambique/interval-ad2-RH_DELP_C_PUT.png  used on input line 5
47.
(pdftex.def)             Requested size: 469.75502pt x 469.75496pt.
[43 </Users/qianyu/Dropbox/binary_code/pcg/GATES/Gates-results/ReportPlots/Moza
mbique/interval-ad2-RH_DELP_C_PUT.png>]
</Users/qianyu/Dropbox/binary_code/pcg/GATES/Gates-results/ReportPlots/Mozambiq
ue/Basic-RH_DELP_C_PRT-2011.png, id=280, 722.7pt x 867.24pt>
File: /Users/qianyu/Dropbox/binary_code/pcg/GATES/Gates-results/ReportPlots/Moz
ambique/Basic-RH_DELP_C_PRT-2011.png Graphic file (type png)
<use /Users/qianyu/Dropbox/binary_code/pcg/GATES/Gates-results/ReportPlots/Moza
mbique/Basic-RH_DELP_C_PRT-2011.png>
Package pdftex.def Info: /Users/qianyu/Dropbox/binary_code/pcg/GATES/Gates-resu
lts/ReportPlots/Mozambique/Basic-RH_DELP_C_PRT-2011.png  used on input line 561
.
(pdftex.def)             Requested size: 352.31625pt x 422.78111pt.
[44 </Users/qianyu/Dropbox/binary_code/pcg/GATES/Gates-results/ReportPlots/Moza
mbique/Basic-RH_DELP_C_PRT-2011.png>]
</Users/qianyu/Dropbox/binary_code/pcg/GATES/Gates-results/ReportPlots/Mozambiq
ue/Basic-RH_DELP_C_PRT-2022.png, id=285, 722.7pt x 867.24pt>
File: /Users/qianyu/Dropbox/binary_code/pcg/GATES/Gates-results/ReportPlots/Moz
ambique/Basic-RH_DELP_C_PRT-2022.png Graphic file (type png)
<use /Users/qianyu/Dropbox/binary_code/pcg/GATES/Gates-results/ReportPlots/Moza
mbique/Basic-RH_DELP_C_PRT-2022.png>
Package pdftex.def Info: /Users/qianyu/Dropbox/binary_code/pcg/GATES/Gates-resu
lts/ReportPlots/Mozambique/Basic-RH_DELP_C_PRT-2022.png  used on input line 571
.
(pdftex.def)             Requested size: 352.31625pt x 422.78111pt.
[45 </Users/qianyu/Dropbox/binary_code/pcg/GATES/Gates-results/ReportPlots/Moza
mbique/Basic-RH_DELP_C_PRT-2022.png>]
</Users/qianyu/Dropbox/binary_code/pcg/GATES/Gates-results/ReportPlots/Mozambiq
ue/ad1_map_RH_DELP_C_PRT.png, id=290, 433.62pt x 650.43pt>
File: /Users/qianyu/Dropbox/binary_code/pcg/GATES/Gates-results/ReportPlots/Moz
ambique/ad1_map_RH_DELP_C_PRT.png Graphic file (type png)
<use /Users/qianyu/Dropbox/binary_code/pcg/GATES/Gates-results/ReportPlots/Moza
mbique/ad1_map_RH_DELP_C_PRT.png>
Package pdftex.def Info: /Users/qianyu/Dropbox/binary_code/pcg/GATES/Gates-resu
lts/ReportPlots/Mozambique/ad1_map_RH_DELP_C_PRT.png  used on input line 579.
(pdftex.def)             Requested size: 375.80544pt x 563.7357pt.
[46 </Users/qianyu/Dropbox/binary_code/pcg/GATES/Gates-results/ReportPlots/Moza
mbique/ad1_map_RH_DELP_C_PRT.png>]
</Users/qianyu/Dropbox/binary_code/pcg/GATES/Gates-results/ReportPlots/Mozambiq
ue/ad2_map_RH_DELP_C_PRT.png, id=295, 433.62pt x 650.43pt>
File: /Users/qianyu/Dropbox/binary_code/pcg/GATES/Gates-results/ReportPlots/Moz
ambique/ad2_map_RH_DELP_C_PRT.png Graphic file (type png)
<use /Users/qianyu/Dropbox/binary_code/pcg/GATES/Gates-results/ReportPlots/Moza
mbique/ad2_map_RH_DELP_C_PRT.png>
Package pdftex.def Info: /Users/qianyu/Dropbox/binary_code/pcg/GATES/Gates-resu
lts/ReportPlots/Mozambique/ad2_map_RH_DELP_C_PRT.png  used on input line 587.
(pdftex.def)             Requested size: 375.80544pt x 563.7357pt.
[47 </Users/qianyu/Dropbox/binary_code/pcg/GATES/Gates-results/ReportPlots/Moza
mbique/ad2_map_RH_DELP_C_PRT.png>]
</Users/qianyu/Dropbox/binary_code/pcg/GATES/Gates-results/ReportPlots/Mozambiq
ue/scatter-RH_DELP_C_PRT.png, id=300, 722.7pt x 722.7pt>
File: /Users/qianyu/Dropbox/binary_code/pcg/GATES/Gates-results/ReportPlots/Moz
ambique/scatter-RH_DELP_C_PRT.png Graphic file (type png)
<use /Users/qianyu/Dropbox/binary_code/pcg/GATES/Gates-results/ReportPlots/Moza
mbique/scatter-RH_DELP_C_PRT.png>
Package pdftex.def Info: /Users/qianyu/Dropbox/binary_code/pcg/GATES/Gates-resu
lts/ReportPlots/Mozambique/scatter-RH_DELP_C_PRT.png  used on input line 595.
(pdftex.def)             Requested size: 328.82707pt x 328.82901pt.
[48 </Users/qianyu/Dropbox/binary_code/pcg/GATES/Gates-results/ReportPlots/Moza
mbique/scatter-RH_DELP_C_PRT.png>]
</Users/qianyu/Dropbox/binary_code/pcg/GATES/Gates-results/ReportPlots/Mozambiq
ue/ridge_RH_DELP_C_PRT.png, id=305, 1084.05pt x 1084.05pt>
File: /Users/qianyu/Dropbox/binary_code/pcg/GATES/Gates-results/ReportPlots/Moz
ambique/ridge_RH_DELP_C_PRT.png Graphic file (type png)
<use /Users/qianyu/Dropbox/binary_code/pcg/GATES/Gates-results/ReportPlots/Moza
mbique/ridge_RH_DELP_C_PRT.png>
Package pdftex.def Info: /Users/qianyu/Dropbox/binary_code/pcg/GATES/Gates-resu
lts/ReportPlots/Mozambique/ridge_RH_DELP_C_PRT.png  used on input line 605.
(pdftex.def)             Requested size: 422.77664pt x 422.7778pt.
[49 </Users/qianyu/Dropbox/binary_code/pcg/GATES/Gates-results/ReportPlots/Moza
mbique/ridge_RH_DELP_C_PRT.png>]
</Users/qianyu/Dropbox/binary_code/pcg/GATES/Gates-results/ReportPlots/Mozambiq
ue/interval-ad1-RH_DELP_C_PRT.png, id=311, 1084.05pt x 722.7pt>
File: /Users/qianyu/Dropbox/binary_code/pcg/GATES/Gates-results/ReportPlots/Moz
ambique/interval-ad1-RH_DELP_C_PRT.png Graphic file (type png)
<use /Users/qianyu/Dropbox/binary_code/pcg/GATES/Gates-results/ReportPlots/Moza
mbique/interval-ad1-RH_DELP_C_PRT.png>
Package pdftex.def Info: /Users/qianyu/Dropbox/binary_code/pcg/GATES/Gates-resu
lts/ReportPlots/Mozambique/interval-ad1-RH_DELP_C_PRT.png  used on input line 6
13.
(pdftex.def)             Requested size: 422.77664pt x 281.85185pt.
[50 </Users/qianyu/Dropbox/binary_code/pcg/GATES/Gates-results/ReportPlots/Moza
mbique/interval-ad1-RH_DELP_C_PRT.png>]
</Users/qianyu/Dropbox/binary_code/pcg/GATES/Gates-results/ReportPlots/Mozambiq
ue/interval-ad2-RH_DELP_C_PRT.png, id=316, 1084.05pt x 1084.05pt>
File: /Users/qianyu/Dropbox/binary_code/pcg/GATES/Gates-results/ReportPlots/Moz
ambique/interval-ad2-RH_DELP_C_PRT.png Graphic file (type png)
<use /Users/qianyu/Dropbox/binary_code/pcg/GATES/Gates-results/ReportPlots/Moza
mbique/interval-ad2-RH_DELP_C_PRT.png>
Package pdftex.def Info: /Users/qianyu/Dropbox/binary_code/pcg/GATES/Gates-resu
lts/ReportPlots/Mozambique/interval-ad2-RH_DELP_C_PRT.png  used on input line 6
21.
(pdftex.def)             Requested size: 469.75502pt x 469.75496pt.
[51 </Users/qianyu/Dropbox/binary_code/pcg/GATES/Gates-results/ReportPlots/Moza
mbique/interval-ad2-RH_DELP_C_PRT.png>]
</Users/qianyu/Dropbox/binary_code/pcg/GATES/Gates-results/ReportPlots/Mozambiq
ue/Basic-RH_DELP_C_HOT-2011.png, id=321, 722.7pt x 867.24pt>
File: /Users/qianyu/Dropbox/binary_code/pcg/GATES/Gates-results/ReportPlots/Moz
ambique/Basic-RH_DELP_C_HOT-2011.png Graphic file (type png)
<use /Users/qianyu/Dropbox/binary_code/pcg/GATES/Gates-results/ReportPlots/Moza
mbique/Basic-RH_DELP_C_HOT-2011.png>
Package pdftex.def Info: /Users/qianyu/Dropbox/binary_code/pcg/GATES/Gates-resu
lts/ReportPlots/Mozambique/Basic-RH_DELP_C_HOT-2011.png  used on input line 635
.
(pdftex.def)             Requested size: 352.31625pt x 422.78111pt.
[52 </Users/qianyu/Dropbox/binary_code/pcg/GATES/Gates-results/ReportPlots/Moza
mbique/Basic-RH_DELP_C_HOT-2011.png>]
</Users/qianyu/Dropbox/binary_code/pcg/GATES/Gates-results/ReportPlots/Mozambiq
ue/Basic-RH_DELP_C_HOT-2022.png, id=326, 722.7pt x 867.24pt>
File: /Users/qianyu/Dropbox/binary_code/pcg/GATES/Gates-results/ReportPlots/Moz
ambique/Basic-RH_DELP_C_HOT-2022.png Graphic file (type png)
<use /Users/qianyu/Dropbox/binary_code/pcg/GATES/Gates-results/ReportPlots/Moza
mbique/Basic-RH_DELP_C_HOT-2022.png>
Package pdftex.def Info: /Users/qianyu/Dropbox/binary_code/pcg/GATES/Gates-resu
lts/ReportPlots/Mozambique/Basic-RH_DELP_C_HOT-2022.png  used on input line 645
.
(pdftex.def)             Requested size: 352.31625pt x 422.78111pt.
[53 </Users/qianyu/Dropbox/binary_code/pcg/GATES/Gates-results/ReportPlots/Moza
mbique/Basic-RH_DELP_C_HOT-2022.png>]
</Users/qianyu/Dropbox/binary_code/pcg/GATES/Gates-results/ReportPlots/Mozambiq
ue/ad1_map_RH_DELP_C_HOT.png, id=331, 433.62pt x 650.43pt>
File: /Users/qianyu/Dropbox/binary_code/pcg/GATES/Gates-results/ReportPlots/Moz
ambique/ad1_map_RH_DELP_C_HOT.png Graphic file (type png)
<use /Users/qianyu/Dropbox/binary_code/pcg/GATES/Gates-results/ReportPlots/Moza
mbique/ad1_map_RH_DELP_C_HOT.png>
Package pdftex.def Info: /Users/qianyu/Dropbox/binary_code/pcg/GATES/Gates-resu
lts/ReportPlots/Mozambique/ad1_map_RH_DELP_C_HOT.png  used on input line 653.
(pdftex.def)             Requested size: 375.80544pt x 563.7357pt.
[54 </Users/qianyu/Dropbox/binary_code/pcg/GATES/Gates-results/ReportPlots/Moza
mbique/ad1_map_RH_DELP_C_HOT.png>]
</Users/qianyu/Dropbox/binary_code/pcg/GATES/Gates-results/ReportPlots/Mozambiq
ue/ad2_map_RH_DELP_C_HOT.png, id=336, 433.62pt x 650.43pt>
File: /Users/qianyu/Dropbox/binary_code/pcg/GATES/Gates-results/ReportPlots/Moz
ambique/ad2_map_RH_DELP_C_HOT.png Graphic file (type png)
<use /Users/qianyu/Dropbox/binary_code/pcg/GATES/Gates-results/ReportPlots/Moza
mbique/ad2_map_RH_DELP_C_HOT.png>
Package pdftex.def Info: /Users/qianyu/Dropbox/binary_code/pcg/GATES/Gates-resu
lts/ReportPlots/Mozambique/ad2_map_RH_DELP_C_HOT.png  used on input line 661.
(pdftex.def)             Requested size: 375.80544pt x 563.7357pt.
[55 </Users/qianyu/Dropbox/binary_code/pcg/GATES/Gates-results/ReportPlots/Moza
mbique/ad2_map_RH_DELP_C_HOT.png>]
</Users/qianyu/Dropbox/binary_code/pcg/GATES/Gates-results/ReportPlots/Mozambiq
ue/scatter-RH_DELP_C_HOT.png, id=343, 722.7pt x 722.7pt>
File: /Users/qianyu/Dropbox/binary_code/pcg/GATES/Gates-results/ReportPlots/Moz
ambique/scatter-RH_DELP_C_HOT.png Graphic file (type png)
<use /Users/qianyu/Dropbox/binary_code/pcg/GATES/Gates-results/ReportPlots/Moza
mbique/scatter-RH_DELP_C_HOT.png>
Package pdftex.def Info: /Users/qianyu/Dropbox/binary_code/pcg/GATES/Gates-resu
lts/ReportPlots/Mozambique/scatter-RH_DELP_C_HOT.png  used on input line 669.
(pdftex.def)             Requested size: 328.82707pt x 328.82901pt.
[56 </Users/qianyu/Dropbox/binary_code/pcg/GATES/Gates-results/ReportPlots/Moza
mbique/scatter-RH_DELP_C_HOT.png>]
</Users/qianyu/Dropbox/binary_code/pcg/GATES/Gates-results/ReportPlots/Mozambiq
ue/ridge_RH_DELP_C_HOT.png, id=348, 1084.05pt x 1084.05pt>
File: /Users/qianyu/Dropbox/binary_code/pcg/GATES/Gates-results/ReportPlots/Moz
ambique/ridge_RH_DELP_C_HOT.png Graphic file (type png)
<use /Users/qianyu/Dropbox/binary_code/pcg/GATES/Gates-results/ReportPlots/Moza
mbique/ridge_RH_DELP_C_HOT.png>
Package pdftex.def Info: /Users/qianyu/Dropbox/binary_code/pcg/GATES/Gates-resu
lts/ReportPlots/Mozambique/ridge_RH_DELP_C_HOT.png  used on input line 679.
(pdftex.def)             Requested size: 422.77664pt x 422.7778pt.
[57 </Users/qianyu/Dropbox/binary_code/pcg/GATES/Gates-results/ReportPlots/Moza
mbique/ridge_RH_DELP_C_HOT.png>]
</Users/qianyu/Dropbox/binary_code/pcg/GATES/Gates-results/ReportPlots/Mozambiq
ue/interval-ad1-RH_DELP_C_HOT.png, id=353, 1084.05pt x 722.7pt>
File: /Users/qianyu/Dropbox/binary_code/pcg/GATES/Gates-results/ReportPlots/Moz
ambique/interval-ad1-RH_DELP_C_HOT.png Graphic file (type png)
<use /Users/qianyu/Dropbox/binary_code/pcg/GATES/Gates-results/ReportPlots/Moza
mbique/interval-ad1-RH_DELP_C_HOT.png>
Package pdftex.def Info: /Users/qianyu/Dropbox/binary_code/pcg/GATES/Gates-resu
lts/ReportPlots/Mozambique/interval-ad1-RH_DELP_C_HOT.png  used on input line 6
87.
(pdftex.def)             Requested size: 422.77664pt x 281.85185pt.
[58 </Users/qianyu/Dropbox/binary_code/pcg/GATES/Gates-results/ReportPlots/Moza
mbique/interval-ad1-RH_DELP_C_HOT.png>]
</Users/qianyu/Dropbox/binary_code/pcg/GATES/Gates-results/ReportPlots/Mozambiq
ue/interval-ad2-RH_DELP_C_HOT.png, id=358, 1084.05pt x 1084.05pt>
File: /Users/qianyu/Dropbox/binary_code/pcg/GATES/Gates-results/ReportPlots/Moz
ambique/interval-ad2-RH_DELP_C_HOT.png Graphic file (type png)
<use /Users/qianyu/Dropbox/binary_code/pcg/GATES/Gates-results/ReportPlots/Moza
mbique/interval-ad2-RH_DELP_C_HOT.png>
Package pdftex.def Info: /Users/qianyu/Dropbox/binary_code/pcg/GATES/Gates-resu
lts/ReportPlots/Mozambique/interval-ad2-RH_DELP_C_HOT.png  used on input line 6
95.
(pdftex.def)             Requested size: 469.75502pt x 469.75496pt.
[59 </Users/qianyu/Dropbox/binary_code/pcg/GATES/Gates-results/ReportPlots/Moza
mbique/interval-ad2-RH_DELP_C_HOT.png>]
</Users/qianyu/Dropbox/binary_code/pcg/GATES/Gates-results/ReportPlots/Mozambiq
ue/Basic-CH_VACC_C_MSL-2011.png, id=363, 722.7pt x 867.24pt>
File: /Users/qianyu/Dropbox/binary_code/pcg/GATES/Gates-results/ReportPlots/Moz
ambique/Basic-CH_VACC_C_MSL-2011.png Graphic file (type png)
<use /Users/qianyu/Dropbox/binary_code/pcg/GATES/Gates-results/ReportPlots/Moza
mbique/Basic-CH_VACC_C_MSL-2011.png>
Package pdftex.def Info: /Users/qianyu/Dropbox/binary_code/pcg/GATES/Gates-resu
lts/ReportPlots/Mozambique/Basic-CH_VACC_C_MSL-2011.png  used on input line 709
.
(pdftex.def)             Requested size: 352.31625pt x 422.78111pt.
[60 </Users/qianyu/Dropbox/binary_code/pcg/GATES/Gates-results/ReportPlots/Moza
mbique/Basic-CH_VACC_C_MSL-2011.png>]
</Users/qianyu/Dropbox/binary_code/pcg/GATES/Gates-results/ReportPlots/Mozambiq
ue/Basic-RH_PCCT_C_DY2-2022.png, id=368, 722.7pt x 867.24pt>
File: /Users/qianyu/Dropbox/binary_code/pcg/GATES/Gates-results/ReportPlots/Moz
ambique/Basic-RH_PCCT_C_DY2-2022.png Graphic file (type png)
<use /Users/qianyu/Dropbox/binary_code/pcg/GATES/Gates-results/ReportPlots/Moza
mbique/Basic-RH_PCCT_C_DY2-2022.png>
Package pdftex.def Info: /Users/qianyu/Dropbox/binary_code/pcg/GATES/Gates-resu
lts/ReportPlots/Mozambique/Basic-RH_PCCT_C_DY2-2022.png  used on input line 719
.
(pdftex.def)             Requested size: 352.31625pt x 422.78111pt.
[61 </Users/qianyu/Dropbox/binary_code/pcg/GATES/Gates-results/ReportPlots/Moza
mbique/Basic-RH_PCCT_C_DY2-2022.png>]
</Users/qianyu/Dropbox/binary_code/pcg/GATES/Gates-results/ReportPlots/Mozambiq
ue/ad1_map_RH_PCCT_C_DY2.png, id=374, 433.62pt x 650.43pt>
File: /Users/qianyu/Dropbox/binary_code/pcg/GATES/Gates-results/ReportPlots/Moz
ambique/ad1_map_RH_PCCT_C_DY2.png Graphic file (type png)
<use /Users/qianyu/Dropbox/binary_code/pcg/GATES/Gates-results/ReportPlots/Moza
mbique/ad1_map_RH_PCCT_C_DY2.png>
Package pdftex.def Info: /Users/qianyu/Dropbox/binary_code/pcg/GATES/Gates-resu
lts/ReportPlots/Mozambique/ad1_map_RH_PCCT_C_DY2.png  used on input line 727.
(pdftex.def)             Requested size: 375.80544pt x 563.7357pt.
[62 </Users/qianyu/Dropbox/binary_code/pcg/GATES/Gates-results/ReportPlots/Moza
mbique/ad1_map_RH_PCCT_C_DY2.png>]
</Users/qianyu/Dropbox/binary_code/pcg/GATES/Gates-results/ReportPlots/Mozambiq
ue/ad2_map_RH_PCCT_C_DY2.png, id=379, 433.62pt x 650.43pt>
File: /Users/qianyu/Dropbox/binary_code/pcg/GATES/Gates-results/ReportPlots/Moz
ambique/ad2_map_RH_PCCT_C_DY2.png Graphic file (type png)
<use /Users/qianyu/Dropbox/binary_code/pcg/GATES/Gates-results/ReportPlots/Moza
mbique/ad2_map_RH_PCCT_C_DY2.png>
Package pdftex.def Info: /Users/qianyu/Dropbox/binary_code/pcg/GATES/Gates-resu
lts/ReportPlots/Mozambique/ad2_map_RH_PCCT_C_DY2.png  used on input line 735.
(pdftex.def)             Requested size: 375.80544pt x 563.7357pt.
[63 </Users/qianyu/Dropbox/binary_code/pcg/GATES/Gates-results/ReportPlots/Moza
mbique/ad2_map_RH_PCCT_C_DY2.png>]
</Users/qianyu/Dropbox/binary_code/pcg/GATES/Gates-results/ReportPlots/Mozambiq
ue/scatter-RH_PCCT_C_DY2.png, id=384, 722.7pt x 722.7pt>
File: /Users/qianyu/Dropbox/binary_code/pcg/GATES/Gates-results/ReportPlots/Moz
ambique/scatter-RH_PCCT_C_DY2.png Graphic file (type png)
<use /Users/qianyu/Dropbox/binary_code/pcg/GATES/Gates-results/ReportPlots/Moza
mbique/scatter-RH_PCCT_C_DY2.png>
Package pdftex.def Info: /Users/qianyu/Dropbox/binary_code/pcg/GATES/Gates-resu
lts/ReportPlots/Mozambique/scatter-RH_PCCT_C_DY2.png  used on input line 743.
(pdftex.def)             Requested size: 328.82707pt x 328.82901pt.
[64 </Users/qianyu/Dropbox/binary_code/pcg/GATES/Gates-results/ReportPlots/Moza
mbique/scatter-RH_PCCT_C_DY2.png>]
</Users/qianyu/Dropbox/binary_code/pcg/GATES/Gates-results/ReportPlots/Mozambiq
ue/ridge_RH_PCCT_C_DY2.png, id=389, 1084.05pt x 1084.05pt>
File: /Users/qianyu/Dropbox/binary_code/pcg/GATES/Gates-results/ReportPlots/Moz
ambique/ridge_RH_PCCT_C_DY2.png Graphic file (type png)
<use /Users/qianyu/Dropbox/binary_code/pcg/GATES/Gates-results/ReportPlots/Moza
mbique/ridge_RH_PCCT_C_DY2.png>
Package pdftex.def Info: /Users/qianyu/Dropbox/binary_code/pcg/GATES/Gates-resu
lts/ReportPlots/Mozambique/ridge_RH_PCCT_C_DY2.png  used on input line 753.
(pdftex.def)             Requested size: 422.77664pt x 422.7778pt.
[65 </Users/qianyu/Dropbox/binary_code/pcg/GATES/Gates-results/ReportPlots/Moza
mbique/ridge_RH_PCCT_C_DY2.png>]
</Users/qianyu/Dropbox/binary_code/pcg/GATES/Gates-results/ReportPlots/Mozambiq
ue/interval-ad1-RH_PCCT_C_DY2.png, id=394, 1084.05pt x 722.7pt>
File: /Users/qianyu/Dropbox/binary_code/pcg/GATES/Gates-results/ReportPlots/Moz
ambique/interval-ad1-RH_PCCT_C_DY2.png Graphic file (type png)
<use /Users/qianyu/Dropbox/binary_code/pcg/GATES/Gates-results/ReportPlots/Moza
mbique/interval-ad1-RH_PCCT_C_DY2.png>
Package pdftex.def Info: /Users/qianyu/Dropbox/binary_code/pcg/GATES/Gates-resu
lts/ReportPlots/Mozambique/interval-ad1-RH_PCCT_C_DY2.png  used on input line 7
61.
(pdftex.def)             Requested size: 422.77664pt x 281.85185pt.
[66 </Users/qianyu/Dropbox/binary_code/pcg/GATES/Gates-results/ReportPlots/Moza
mbique/interval-ad1-RH_PCCT_C_DY2.png>]
</Users/qianyu/Dropbox/binary_code/pcg/GATES/Gates-results/ReportPlots/Mozambiq
ue/interval-ad2-RH_PCCT_C_DY2.png, id=399, 1084.05pt x 1084.05pt>
File: /Users/qianyu/Dropbox/binary_code/pcg/GATES/Gates-results/ReportPlots/Moz
ambique/interval-ad2-RH_PCCT_C_DY2.png Graphic file (type png)
<use /Users/qianyu/Dropbox/binary_code/pcg/GATES/Gates-results/ReportPlots/Moza
mbique/interval-ad2-RH_PCCT_C_DY2.png>
Package pdftex.def Info: /Users/qianyu/Dropbox/binary_code/pcg/GATES/Gates-resu
lts/ReportPlots/Mozambique/interval-ad2-RH_PCCT_C_DY2.png  used on input line 7
69.
(pdftex.def)             Requested size: 469.75502pt x 469.75496pt.
[67 </Users/qianyu/Dropbox/binary_code/pcg/GATES/Gates-results/ReportPlots/Moza
mbique/interval-ad2-RH_PCCT_C_DY2.png>]
</Users/qianyu/Dropbox/binary_code/pcg/GATES/Gates-results/ReportPlots/Mozambiq
ue/Basic-CH_VACC_C_DP3-2011.png, id=405, 722.7pt x 867.24pt>
File: /Users/qianyu/Dropbox/binary_code/pcg/GATES/Gates-results/ReportPlots/Moz
ambique/Basic-CH_VACC_C_DP3-2011.png Graphic file (type png)
<use /Users/qianyu/Dropbox/binary_code/pcg/GATES/Gates-results/ReportPlots/Moza
mbique/Basic-CH_VACC_C_DP3-2011.png>
Package pdftex.def Info: /Users/qianyu/Dropbox/binary_code/pcg/GATES/Gates-resu
lts/ReportPlots/Mozambique/Basic-CH_VACC_C_DP3-2011.png  used on input line 783
.
(pdftex.def)             Requested size: 352.31625pt x 422.78111pt.
[68 </Users/qianyu/Dropbox/binary_code/pcg/GATES/Gates-results/ReportPlots/Moza
mbique/Basic-CH_VACC_C_DP3-2011.png>]
</Users/qianyu/Dropbox/binary_code/pcg/GATES/Gates-results/ReportPlots/Mozambiq
ue/Basic-CH_VACC_C_MSL-2022.png, id=410, 722.7pt x 867.24pt>
File: /Users/qianyu/Dropbox/binary_code/pcg/GATES/Gates-results/ReportPlots/Moz
ambique/Basic-CH_VACC_C_MSL-2022.png Graphic file (type png)
<use /Users/qianyu/Dropbox/binary_code/pcg/GATES/Gates-results/ReportPlots/Moza
mbique/Basic-CH_VACC_C_MSL-2022.png>
Package pdftex.def Info: /Users/qianyu/Dropbox/binary_code/pcg/GATES/Gates-resu
lts/ReportPlots/Mozambique/Basic-CH_VACC_C_MSL-2022.png  used on input line 793
.
(pdftex.def)             Requested size: 352.31625pt x 422.78111pt.
[69 </Users/qianyu/Dropbox/binary_code/pcg/GATES/Gates-results/ReportPlots/Moza
mbique/Basic-CH_VACC_C_MSL-2022.png>]
</Users/qianyu/Dropbox/binary_code/pcg/GATES/Gates-results/ReportPlots/Mozambiq
ue/ad1_map_CH_VACC_C_MSL.png, id=415, 433.62pt x 650.43pt>
File: /Users/qianyu/Dropbox/binary_code/pcg/GATES/Gates-results/ReportPlots/Moz
ambique/ad1_map_CH_VACC_C_MSL.png Graphic file (type png)
<use /Users/qianyu/Dropbox/binary_code/pcg/GATES/Gates-results/ReportPlots/Moza
mbique/ad1_map_CH_VACC_C_MSL.png>
Package pdftex.def Info: /Users/qianyu/Dropbox/binary_code/pcg/GATES/Gates-resu
lts/ReportPlots/Mozambique/ad1_map_CH_VACC_C_MSL.png  used on input line 801.
(pdftex.def)             Requested size: 375.80544pt x 563.7357pt.
[70 </Users/qianyu/Dropbox/binary_code/pcg/GATES/Gates-results/ReportPlots/Moza
mbique/ad1_map_CH_VACC_C_MSL.png>]
</Users/qianyu/Dropbox/binary_code/pcg/GATES/Gates-results/ReportPlots/Mozambiq
ue/ad2_map_CH_VACC_C_MSL.png, id=420, 433.62pt x 650.43pt>
File: /Users/qianyu/Dropbox/binary_code/pcg/GATES/Gates-results/ReportPlots/Moz
ambique/ad2_map_CH_VACC_C_MSL.png Graphic file (type png)
<use /Users/qianyu/Dropbox/binary_code/pcg/GATES/Gates-results/ReportPlots/Moza
mbique/ad2_map_CH_VACC_C_MSL.png>
Package pdftex.def Info: /Users/qianyu/Dropbox/binary_code/pcg/GATES/Gates-resu
lts/ReportPlots/Mozambique/ad2_map_CH_VACC_C_MSL.png  used on input line 809.
(pdftex.def)             Requested size: 375.80544pt x 563.7357pt.
[71 </Users/qianyu/Dropbox/binary_code/pcg/GATES/Gates-results/ReportPlots/Moza
mbique/ad2_map_CH_VACC_C_MSL.png>]
</Users/qianyu/Dropbox/binary_code/pcg/GATES/Gates-results/ReportPlots/Mozambiq
ue/scatter-CH_VACC_C_MSL.png, id=425, 722.7pt x 722.7pt>
File: /Users/qianyu/Dropbox/binary_code/pcg/GATES/Gates-results/ReportPlots/Moz
ambique/scatter-CH_VACC_C_MSL.png Graphic file (type png)
<use /Users/qianyu/Dropbox/binary_code/pcg/GATES/Gates-results/ReportPlots/Moza
mbique/scatter-CH_VACC_C_MSL.png>
Package pdftex.def Info: /Users/qianyu/Dropbox/binary_code/pcg/GATES/Gates-resu
lts/ReportPlots/Mozambique/scatter-CH_VACC_C_MSL.png  used on input line 817.
(pdftex.def)             Requested size: 328.82707pt x 328.82901pt.
[72 </Users/qianyu/Dropbox/binary_code/pcg/GATES/Gates-results/ReportPlots/Moza
mbique/scatter-CH_VACC_C_MSL.png>]
</Users/qianyu/Dropbox/binary_code/pcg/GATES/Gates-results/ReportPlots/Mozambiq
ue/ridge_CH_VACC_C_MSL.png, id=430, 1084.05pt x 1084.05pt>
File: /Users/qianyu/Dropbox/binary_code/pcg/GATES/Gates-results/ReportPlots/Moz
ambique/ridge_CH_VACC_C_MSL.png Graphic file (type png)
<use /Users/qianyu/Dropbox/binary_code/pcg/GATES/Gates-results/ReportPlots/Moza
mbique/ridge_CH_VACC_C_MSL.png>
Package pdftex.def Info: /Users/qianyu/Dropbox/binary_code/pcg/GATES/Gates-resu
lts/ReportPlots/Mozambique/ridge_CH_VACC_C_MSL.png  used on input line 827.
(pdftex.def)             Requested size: 422.77664pt x 422.7778pt.
[73 </Users/qianyu/Dropbox/binary_code/pcg/GATES/Gates-results/ReportPlots/Moza
mbique/ridge_CH_VACC_C_MSL.png>]
</Users/qianyu/Dropbox/binary_code/pcg/GATES/Gates-results/ReportPlots/Mozambiq
ue/interval-ad1-CH_VACC_C_MSL.png, id=436, 1084.05pt x 722.7pt>
File: /Users/qianyu/Dropbox/binary_code/pcg/GATES/Gates-results/ReportPlots/Moz
ambique/interval-ad1-CH_VACC_C_MSL.png Graphic file (type png)
<use /Users/qianyu/Dropbox/binary_code/pcg/GATES/Gates-results/ReportPlots/Moza
mbique/interval-ad1-CH_VACC_C_MSL.png>
Package pdftex.def Info: /Users/qianyu/Dropbox/binary_code/pcg/GATES/Gates-resu
lts/ReportPlots/Mozambique/interval-ad1-CH_VACC_C_MSL.png  used on input line 8
35.
(pdftex.def)             Requested size: 422.77664pt x 281.85185pt.
[74 </Users/qianyu/Dropbox/binary_code/pcg/GATES/Gates-results/ReportPlots/Moza
mbique/interval-ad1-CH_VACC_C_MSL.png>]
</Users/qianyu/Dropbox/binary_code/pcg/GATES/Gates-results/ReportPlots/Mozambiq
ue/interval-ad2-CH_VACC_C_MSL.png, id=441, 1084.05pt x 1084.05pt>
File: /Users/qianyu/Dropbox/binary_code/pcg/GATES/Gates-results/ReportPlots/Moz
ambique/interval-ad2-CH_VACC_C_MSL.png Graphic file (type png)
<use /Users/qianyu/Dropbox/binary_code/pcg/GATES/Gates-results/ReportPlots/Moza
mbique/interval-ad2-CH_VACC_C_MSL.png>
Package pdftex.def Info: /Users/qianyu/Dropbox/binary_code/pcg/GATES/Gates-resu
lts/ReportPlots/Mozambique/interval-ad2-CH_VACC_C_MSL.png  used on input line 8
43.
(pdftex.def)             Requested size: 469.75502pt x 469.75496pt.
[75 </Users/qianyu/Dropbox/binary_code/pcg/GATES/Gates-results/ReportPlots/Moza
mbique/interval-ad2-CH_VACC_C_MSL.png>]
</Users/qianyu/Dropbox/binary_code/pcg/GATES/Gates-results/ReportPlots/Mozambiq
ue/Basic-CH_VACC_C_NON-2011.png, id=446, 722.7pt x 867.24pt>
File: /Users/qianyu/Dropbox/binary_code/pcg/GATES/Gates-results/ReportPlots/Moz
ambique/Basic-CH_VACC_C_NON-2011.png Graphic file (type png)
<use /Users/qianyu/Dropbox/binary_code/pcg/GATES/Gates-results/ReportPlots/Moza
mbique/Basic-CH_VACC_C_NON-2011.png>
Package pdftex.def Info: /Users/qianyu/Dropbox/binary_code/pcg/GATES/Gates-resu
lts/ReportPlots/Mozambique/Basic-CH_VACC_C_NON-2011.png  used on input line 857
.
(pdftex.def)             Requested size: 352.31625pt x 422.78111pt.
[76 </Users/qianyu/Dropbox/binary_code/pcg/GATES/Gates-results/ReportPlots/Moza
mbique/Basic-CH_VACC_C_NON-2011.png>]
</Users/qianyu/Dropbox/binary_code/pcg/GATES/Gates-results/ReportPlots/Mozambiq
ue/Basic-CH_VACC_C_DP3-2022.png, id=451, 722.7pt x 867.24pt>
File: /Users/qianyu/Dropbox/binary_code/pcg/GATES/Gates-results/ReportPlots/Moz
ambique/Basic-CH_VACC_C_DP3-2022.png Graphic file (type png)
<use /Users/qianyu/Dropbox/binary_code/pcg/GATES/Gates-results/ReportPlots/Moza
mbique/Basic-CH_VACC_C_DP3-2022.png>
Package pdftex.def Info: /Users/qianyu/Dropbox/binary_code/pcg/GATES/Gates-resu
lts/ReportPlots/Mozambique/Basic-CH_VACC_C_DP3-2022.png  used on input line 867
.
(pdftex.def)             Requested size: 352.31625pt x 422.78111pt.
[77 </Users/qianyu/Dropbox/binary_code/pcg/GATES/Gates-results/ReportPlots/Moza
mbique/Basic-CH_VACC_C_DP3-2022.png>]
</Users/qianyu/Dropbox/binary_code/pcg/GATES/Gates-results/ReportPlots/Mozambiq
ue/ad1_map_CH_VACC_C_DP3.png, id=456, 433.62pt x 650.43pt>
File: /Users/qianyu/Dropbox/binary_code/pcg/GATES/Gates-results/ReportPlots/Moz
ambique/ad1_map_CH_VACC_C_DP3.png Graphic file (type png)
<use /Users/qianyu/Dropbox/binary_code/pcg/GATES/Gates-results/ReportPlots/Moza
mbique/ad1_map_CH_VACC_C_DP3.png>
Package pdftex.def Info: /Users/qianyu/Dropbox/binary_code/pcg/GATES/Gates-resu
lts/ReportPlots/Mozambique/ad1_map_CH_VACC_C_DP3.png  used on input line 875.
(pdftex.def)             Requested size: 375.80544pt x 563.7357pt.
[78 </Users/qianyu/Dropbox/binary_code/pcg/GATES/Gates-results/ReportPlots/Moza
mbique/ad1_map_CH_VACC_C_DP3.png>]
</Users/qianyu/Dropbox/binary_code/pcg/GATES/Gates-results/ReportPlots/Mozambiq
ue/ad2_map_CH_VACC_C_DP3.png, id=461, 433.62pt x 650.43pt>
File: /Users/qianyu/Dropbox/binary_code/pcg/GATES/Gates-results/ReportPlots/Moz
ambique/ad2_map_CH_VACC_C_DP3.png Graphic file (type png)
<use /Users/qianyu/Dropbox/binary_code/pcg/GATES/Gates-results/ReportPlots/Moza
mbique/ad2_map_CH_VACC_C_DP3.png>
Package pdftex.def Info: /Users/qianyu/Dropbox/binary_code/pcg/GATES/Gates-resu
lts/ReportPlots/Mozambique/ad2_map_CH_VACC_C_DP3.png  used on input line 883.
(pdftex.def)             Requested size: 375.80544pt x 563.7357pt.
[79 </Users/qianyu/Dropbox/binary_code/pcg/GATES/Gates-results/ReportPlots/Moza
mbique/ad2_map_CH_VACC_C_DP3.png>]
</Users/qianyu/Dropbox/binary_code/pcg/GATES/Gates-results/ReportPlots/Mozambiq
ue/scatter-CH_VACC_C_DP3.png, id=467, 722.7pt x 722.7pt>
File: /Users/qianyu/Dropbox/binary_code/pcg/GATES/Gates-results/ReportPlots/Moz
ambique/scatter-CH_VACC_C_DP3.png Graphic file (type png)
<use /Users/qianyu/Dropbox/binary_code/pcg/GATES/Gates-results/ReportPlots/Moza
mbique/scatter-CH_VACC_C_DP3.png>
Package pdftex.def Info: /Users/qianyu/Dropbox/binary_code/pcg/GATES/Gates-resu
lts/ReportPlots/Mozambique/scatter-CH_VACC_C_DP3.png  used on input line 891.
(pdftex.def)             Requested size: 328.82707pt x 328.82901pt.
[80 </Users/qianyu/Dropbox/binary_code/pcg/GATES/Gates-results/ReportPlots/Moza
mbique/scatter-CH_VACC_C_DP3.png>]
</Users/qianyu/Dropbox/binary_code/pcg/GATES/Gates-results/ReportPlots/Mozambiq
ue/ridge_CH_VACC_C_DP3.png, id=472, 1084.05pt x 1084.05pt>
File: /Users/qianyu/Dropbox/binary_code/pcg/GATES/Gates-results/ReportPlots/Moz
ambique/ridge_CH_VACC_C_DP3.png Graphic file (type png)
<use /Users/qianyu/Dropbox/binary_code/pcg/GATES/Gates-results/ReportPlots/Moza
mbique/ridge_CH_VACC_C_DP3.png>
Package pdftex.def Info: /Users/qianyu/Dropbox/binary_code/pcg/GATES/Gates-resu
lts/ReportPlots/Mozambique/ridge_CH_VACC_C_DP3.png  used on input line 901.
(pdftex.def)             Requested size: 422.77664pt x 422.7778pt.
[81 </Users/qianyu/Dropbox/binary_code/pcg/GATES/Gates-results/ReportPlots/Moza
mbique/ridge_CH_VACC_C_DP3.png>]
</Users/qianyu/Dropbox/binary_code/pcg/GATES/Gates-results/ReportPlots/Mozambiq
ue/interval-ad1-CH_VACC_C_DP3.png, id=477, 1084.05pt x 722.7pt>
File: /Users/qianyu/Dropbox/binary_code/pcg/GATES/Gates-results/ReportPlots/Moz
ambique/interval-ad1-CH_VACC_C_DP3.png Graphic file (type png)
<use /Users/qianyu/Dropbox/binary_code/pcg/GATES/Gates-results/ReportPlots/Moza
mbique/interval-ad1-CH_VACC_C_DP3.png>
Package pdftex.def Info: /Users/qianyu/Dropbox/binary_code/pcg/GATES/Gates-resu
lts/ReportPlots/Mozambique/interval-ad1-CH_VACC_C_DP3.png  used on input line 9
09.
(pdftex.def)             Requested size: 422.77664pt x 281.85185pt.
[82 </Users/qianyu/Dropbox/binary_code/pcg/GATES/Gates-results/ReportPlots/Moza
mbique/interval-ad1-CH_VACC_C_DP3.png>]
</Users/qianyu/Dropbox/binary_code/pcg/GATES/Gates-results/ReportPlots/Mozambiq
ue/interval-ad2-CH_VACC_C_DP3.png, id=482, 1084.05pt x 1084.05pt>
File: /Users/qianyu/Dropbox/binary_code/pcg/GATES/Gates-results/ReportPlots/Moz
ambique/interval-ad2-CH_VACC_C_DP3.png Graphic file (type png)
<use /Users/qianyu/Dropbox/binary_code/pcg/GATES/Gates-results/ReportPlots/Moza
mbique/interval-ad2-CH_VACC_C_DP3.png>
Package pdftex.def Info: /Users/qianyu/Dropbox/binary_code/pcg/GATES/Gates-resu
lts/ReportPlots/Mozambique/interval-ad2-CH_VACC_C_DP3.png  used on input line 9
17.
(pdftex.def)             Requested size: 469.75502pt x 469.75496pt.
[83 </Users/qianyu/Dropbox/binary_code/pcg/GATES/Gates-results/ReportPlots/Moza
mbique/interval-ad2-CH_VACC_C_DP3.png>]
</Users/qianyu/Dropbox/binary_code/pcg/GATES/Gates-results/ReportPlots/Mozambiq
ue/Basic-ML_NETC_C_ITN-2011.png, id=487, 722.7pt x 867.24pt>
File: /Users/qianyu/Dropbox/binary_code/pcg/GATES/Gates-results/ReportPlots/Moz
ambique/Basic-ML_NETC_C_ITN-2011.png Graphic file (type png)
<use /Users/qianyu/Dropbox/binary_code/pcg/GATES/Gates-results/ReportPlots/Moza
mbique/Basic-ML_NETC_C_ITN-2011.png>
Package pdftex.def Info: /Users/qianyu/Dropbox/binary_code/pcg/GATES/Gates-resu
lts/ReportPlots/Mozambique/Basic-ML_NETC_C_ITN-2011.png  used on input line 931
.
(pdftex.def)             Requested size: 352.31625pt x 422.78111pt.
[84 </Users/qianyu/Dropbox/binary_code/pcg/GATES/Gates-results/ReportPlots/Moza
mbique/Basic-ML_NETC_C_ITN-2011.png>]
</Users/qianyu/Dropbox/binary_code/pcg/GATES/Gates-results/ReportPlots/Mozambiq
ue/Basic-CH_VACC_C_NON-2022.png, id=492, 722.7pt x 867.24pt>
File: /Users/qianyu/Dropbox/binary_code/pcg/GATES/Gates-results/ReportPlots/Moz
ambique/Basic-CH_VACC_C_NON-2022.png Graphic file (type png)
<use /Users/qianyu/Dropbox/binary_code/pcg/GATES/Gates-results/ReportPlots/Moza
mbique/Basic-CH_VACC_C_NON-2022.png>
Package pdftex.def Info: /Users/qianyu/Dropbox/binary_code/pcg/GATES/Gates-resu
lts/ReportPlots/Mozambique/Basic-CH_VACC_C_NON-2022.png  used on input line 941
.
(pdftex.def)             Requested size: 352.31625pt x 422.78111pt.
[85 </Users/qianyu/Dropbox/binary_code/pcg/GATES/Gates-results/ReportPlots/Moza
mbique/Basic-CH_VACC_C_NON-2022.png>]
</Users/qianyu/Dropbox/binary_code/pcg/GATES/Gates-results/ReportPlots/Mozambiq
ue/ad1_map_CH_VACC_C_NON.png, id=498, 433.62pt x 650.43pt>
File: /Users/qianyu/Dropbox/binary_code/pcg/GATES/Gates-results/ReportPlots/Moz
ambique/ad1_map_CH_VACC_C_NON.png Graphic file (type png)
<use /Users/qianyu/Dropbox/binary_code/pcg/GATES/Gates-results/ReportPlots/Moza
mbique/ad1_map_CH_VACC_C_NON.png>
Package pdftex.def Info: /Users/qianyu/Dropbox/binary_code/pcg/GATES/Gates-resu
lts/ReportPlots/Mozambique/ad1_map_CH_VACC_C_NON.png  used on input line 949.
(pdftex.def)             Requested size: 375.80544pt x 563.7357pt.
[86 </Users/qianyu/Dropbox/binary_code/pcg/GATES/Gates-results/ReportPlots/Moza
mbique/ad1_map_CH_VACC_C_NON.png>]
</Users/qianyu/Dropbox/binary_code/pcg/GATES/Gates-results/ReportPlots/Mozambiq
ue/ad2_map_CH_VACC_C_NON.png, id=503, 433.62pt x 650.43pt>
File: /Users/qianyu/Dropbox/binary_code/pcg/GATES/Gates-results/ReportPlots/Moz
ambique/ad2_map_CH_VACC_C_NON.png Graphic file (type png)
<use /Users/qianyu/Dropbox/binary_code/pcg/GATES/Gates-results/ReportPlots/Moza
mbique/ad2_map_CH_VACC_C_NON.png>
Package pdftex.def Info: /Users/qianyu/Dropbox/binary_code/pcg/GATES/Gates-resu
lts/ReportPlots/Mozambique/ad2_map_CH_VACC_C_NON.png  used on input line 957.
(pdftex.def)             Requested size: 375.80544pt x 563.7357pt.
[87 </Users/qianyu/Dropbox/binary_code/pcg/GATES/Gates-results/ReportPlots/Moza
mbique/ad2_map_CH_VACC_C_NON.png>]
</Users/qianyu/Dropbox/binary_code/pcg/GATES/Gates-results/ReportPlots/Mozambiq
ue/scatter-CH_VACC_C_NON.png, id=509, 722.7pt x 722.7pt>
File: /Users/qianyu/Dropbox/binary_code/pcg/GATES/Gates-results/ReportPlots/Moz
ambique/scatter-CH_VACC_C_NON.png Graphic file (type png)
<use /Users/qianyu/Dropbox/binary_code/pcg/GATES/Gates-results/ReportPlots/Moza
mbique/scatter-CH_VACC_C_NON.png>
Package pdftex.def Info: /Users/qianyu/Dropbox/binary_code/pcg/GATES/Gates-resu
lts/ReportPlots/Mozambique/scatter-CH_VACC_C_NON.png  used on input line 965.
(pdftex.def)             Requested size: 328.82707pt x 328.82901pt.
[88 </Users/qianyu/Dropbox/binary_code/pcg/GATES/Gates-results/ReportPlots/Moza
mbique/scatter-CH_VACC_C_NON.png>]
</Users/qianyu/Dropbox/binary_code/pcg/GATES/Gates-results/ReportPlots/Mozambiq
ue/ridge_CH_VACC_C_NON.png, id=514, 1084.05pt x 1084.05pt>
File: /Users/qianyu/Dropbox/binary_code/pcg/GATES/Gates-results/ReportPlots/Moz
ambique/ridge_CH_VACC_C_NON.png Graphic file (type png)
<use /Users/qianyu/Dropbox/binary_code/pcg/GATES/Gates-results/ReportPlots/Moza
mbique/ridge_CH_VACC_C_NON.png>
Package pdftex.def Info: /Users/qianyu/Dropbox/binary_code/pcg/GATES/Gates-resu
lts/ReportPlots/Mozambique/ridge_CH_VACC_C_NON.png  used on input line 975.
(pdftex.def)             Requested size: 422.77664pt x 422.7778pt.
[89 </Users/qianyu/Dropbox/binary_code/pcg/GATES/Gates-results/ReportPlots/Moza
mbique/ridge_CH_VACC_C_NON.png>]
</Users/qianyu/Dropbox/binary_code/pcg/GATES/Gates-results/ReportPlots/Mozambiq
ue/interval-ad1-CH_VACC_C_NON.png, id=519, 1084.05pt x 722.7pt>
File: /Users/qianyu/Dropbox/binary_code/pcg/GATES/Gates-results/ReportPlots/Moz
ambique/interval-ad1-CH_VACC_C_NON.png Graphic file (type png)
<use /Users/qianyu/Dropbox/binary_code/pcg/GATES/Gates-results/ReportPlots/Moza
mbique/interval-ad1-CH_VACC_C_NON.png>
Package pdftex.def Info: /Users/qianyu/Dropbox/binary_code/pcg/GATES/Gates-resu
lts/ReportPlots/Mozambique/interval-ad1-CH_VACC_C_NON.png  used on input line 9
83.
(pdftex.def)             Requested size: 422.77664pt x 281.85185pt.
[90 </Users/qianyu/Dropbox/binary_code/pcg/GATES/Gates-results/ReportPlots/Moza
mbique/interval-ad1-CH_VACC_C_NON.png>]
</Users/qianyu/Dropbox/binary_code/pcg/GATES/Gates-results/ReportPlots/Mozambiq
ue/interval-ad2-CH_VACC_C_NON.png, id=524, 1084.05pt x 1084.05pt>
File: /Users/qianyu/Dropbox/binary_code/pcg/GATES/Gates-results/ReportPlots/Moz
ambique/interval-ad2-CH_VACC_C_NON.png Graphic file (type png)
<use /Users/qianyu/Dropbox/binary_code/pcg/GATES/Gates-results/ReportPlots/Moza
mbique/interval-ad2-CH_VACC_C_NON.png>
Package pdftex.def Info: /Users/qianyu/Dropbox/binary_code/pcg/GATES/Gates-resu
lts/ReportPlots/Mozambique/interval-ad2-CH_VACC_C_NON.png  used on input line 9
91.
(pdftex.def)             Requested size: 469.75502pt x 469.75496pt.
[91 </Users/qianyu/Dropbox/binary_code/pcg/GATES/Gates-results/ReportPlots/Moza
mbique/interval-ad2-CH_VACC_C_NON.png>]
</Users/qianyu/Dropbox/binary_code/pcg/GATES/Gates-results/ReportPlots/Mozambiq
ue/Basic-CH_DIAT_C_ORT-2011.png, id=530, 722.7pt x 867.24pt>
File: /Users/qianyu/Dropbox/binary_code/pcg/GATES/Gates-results/ReportPlots/Moz
ambique/Basic-CH_DIAT_C_ORT-2011.png Graphic file (type png)
<use /Users/qianyu/Dropbox/binary_code/pcg/GATES/Gates-results/ReportPlots/Moza
mbique/Basic-CH_DIAT_C_ORT-2011.png>
Package pdftex.def Info: /Users/qianyu/Dropbox/binary_code/pcg/GATES/Gates-resu
lts/ReportPlots/Mozambique/Basic-CH_DIAT_C_ORT-2011.png  used on input line 100
5.
(pdftex.def)             Requested size: 352.31625pt x 422.78111pt.
[92 </Users/qianyu/Dropbox/binary_code/pcg/GATES/Gates-results/ReportPlots/Moza
mbique/Basic-CH_DIAT_C_ORT-2011.png>]
</Users/qianyu/Dropbox/binary_code/pcg/GATES/Gates-results/ReportPlots/Mozambiq
ue/Basic-ML_NETC_C_ITN-2022.png, id=535, 722.7pt x 867.24pt>
File: /Users/qianyu/Dropbox/binary_code/pcg/GATES/Gates-results/ReportPlots/Moz
ambique/Basic-ML_NETC_C_ITN-2022.png Graphic file (type png)
<use /Users/qianyu/Dropbox/binary_code/pcg/GATES/Gates-results/ReportPlots/Moza
mbique/Basic-ML_NETC_C_ITN-2022.png>
Package pdftex.def Info: /Users/qianyu/Dropbox/binary_code/pcg/GATES/Gates-resu
lts/ReportPlots/Mozambique/Basic-ML_NETC_C_ITN-2022.png  used on input line 101
5.
(pdftex.def)             Requested size: 352.31625pt x 422.78111pt.
[93 </Users/qianyu/Dropbox/binary_code/pcg/GATES/Gates-results/ReportPlots/Moza
mbique/Basic-ML_NETC_C_ITN-2022.png>]
</Users/qianyu/Dropbox/binary_code/pcg/GATES/Gates-results/ReportPlots/Mozambiq
ue/ad1_map_ML_NETC_C_ITN.png, id=540, 433.62pt x 650.43pt>
File: /Users/qianyu/Dropbox/binary_code/pcg/GATES/Gates-results/ReportPlots/Moz
ambique/ad1_map_ML_NETC_C_ITN.png Graphic file (type png)
<use /Users/qianyu/Dropbox/binary_code/pcg/GATES/Gates-results/ReportPlots/Moza
mbique/ad1_map_ML_NETC_C_ITN.png>
Package pdftex.def Info: /Users/qianyu/Dropbox/binary_code/pcg/GATES/Gates-resu
lts/ReportPlots/Mozambique/ad1_map_ML_NETC_C_ITN.png  used on input line 1023.
(pdftex.def)             Requested size: 375.80544pt x 563.7357pt.
[94 </Users/qianyu/Dropbox/binary_code/pcg/GATES/Gates-results/ReportPlots/Moza
mbique/ad1_map_ML_NETC_C_ITN.png>]
</Users/qianyu/Dropbox/binary_code/pcg/GATES/Gates-results/ReportPlots/Mozambiq
ue/ad2_map_ML_NETC_C_ITN.png, id=545, 433.62pt x 650.43pt>
File: /Users/qianyu/Dropbox/binary_code/pcg/GATES/Gates-results/ReportPlots/Moz
ambique/ad2_map_ML_NETC_C_ITN.png Graphic file (type png)
<use /Users/qianyu/Dropbox/binary_code/pcg/GATES/Gates-results/ReportPlots/Moza
mbique/ad2_map_ML_NETC_C_ITN.png>
Package pdftex.def Info: /Users/qianyu/Dropbox/binary_code/pcg/GATES/Gates-resu
lts/ReportPlots/Mozambique/ad2_map_ML_NETC_C_ITN.png  used on input line 1031.
(pdftex.def)             Requested size: 375.80544pt x 563.7357pt.
[95 </Users/qianyu/Dropbox/binary_code/pcg/GATES/Gates-results/ReportPlots/Moza
mbique/ad2_map_ML_NETC_C_ITN.png>]
</Users/qianyu/Dropbox/binary_code/pcg/GATES/Gates-results/ReportPlots/Mozambiq
ue/scatter-ML_NETC_C_ITN.png, id=550, 722.7pt x 722.7pt>
File: /Users/qianyu/Dropbox/binary_code/pcg/GATES/Gates-results/ReportPlots/Moz
ambique/scatter-ML_NETC_C_ITN.png Graphic file (type png)
<use /Users/qianyu/Dropbox/binary_code/pcg/GATES/Gates-results/ReportPlots/Moza
mbique/scatter-ML_NETC_C_ITN.png>
Package pdftex.def Info: /Users/qianyu/Dropbox/binary_code/pcg/GATES/Gates-resu
lts/ReportPlots/Mozambique/scatter-ML_NETC_C_ITN.png  used on input line 1039.
(pdftex.def)             Requested size: 328.82707pt x 328.82901pt.
[96 </Users/qianyu/Dropbox/binary_code/pcg/GATES/Gates-results/ReportPlots/Moza
mbique/scatter-ML_NETC_C_ITN.png>]
</Users/qianyu/Dropbox/binary_code/pcg/GATES/Gates-results/ReportPlots/Mozambiq
ue/ridge_ML_NETC_C_ITN.png, id=555, 1084.05pt x 1084.05pt>
File: /Users/qianyu/Dropbox/binary_code/pcg/GATES/Gates-results/ReportPlots/Moz
ambique/ridge_ML_NETC_C_ITN.png Graphic file (type png)
<use /Users/qianyu/Dropbox/binary_code/pcg/GATES/Gates-results/ReportPlots/Moza
mbique/ridge_ML_NETC_C_ITN.png>
Package pdftex.def Info: /Users/qianyu/Dropbox/binary_code/pcg/GATES/Gates-resu
lts/ReportPlots/Mozambique/ridge_ML_NETC_C_ITN.png  used on input line 1049.
(pdftex.def)             Requested size: 422.77664pt x 422.7778pt.
[97 </Users/qianyu/Dropbox/binary_code/pcg/GATES/Gates-results/ReportPlots/Moza
mbique/ridge_ML_NETC_C_ITN.png>]
</Users/qianyu/Dropbox/binary_code/pcg/GATES/Gates-results/ReportPlots/Mozambiq
ue/interval-ad1-ML_NETC_C_ITN.png, id=561, 1084.05pt x 722.7pt>
File: /Users/qianyu/Dropbox/binary_code/pcg/GATES/Gates-results/ReportPlots/Moz
ambique/interval-ad1-ML_NETC_C_ITN.png Graphic file (type png)
<use /Users/qianyu/Dropbox/binary_code/pcg/GATES/Gates-results/ReportPlots/Moza
mbique/interval-ad1-ML_NETC_C_ITN.png>
Package pdftex.def Info: /Users/qianyu/Dropbox/binary_code/pcg/GATES/Gates-resu
lts/ReportPlots/Mozambique/interval-ad1-ML_NETC_C_ITN.png  used on input line 1
057.
(pdftex.def)             Requested size: 422.77664pt x 281.85185pt.
[98 </Users/qianyu/Dropbox/binary_code/pcg/GATES/Gates-results/ReportPlots/Moza
mbique/interval-ad1-ML_NETC_C_ITN.png>]
</Users/qianyu/Dropbox/binary_code/pcg/GATES/Gates-results/ReportPlots/Mozambiq
ue/interval-ad2-ML_NETC_C_ITN.png, id=566, 1084.05pt x 1084.05pt>
File: /Users/qianyu/Dropbox/binary_code/pcg/GATES/Gates-results/ReportPlots/Moz
ambique/interval-ad2-ML_NETC_C_ITN.png Graphic file (type png)
<use /Users/qianyu/Dropbox/binary_code/pcg/GATES/Gates-results/ReportPlots/Moza
mbique/interval-ad2-ML_NETC_C_ITN.png>
Package pdftex.def Info: /Users/qianyu/Dropbox/binary_code/pcg/GATES/Gates-resu
lts/ReportPlots/Mozambique/interval-ad2-ML_NETC_C_ITN.png  used on input line 1
065.
(pdftex.def)             Requested size: 469.75502pt x 469.75496pt.
[99 </Users/qianyu/Dropbox/binary_code/pcg/GATES/Gates-results/ReportPlots/Moza
mbique/interval-ad2-ML_NETC_C_ITN.png>]
</Users/qianyu/Dropbox/binary_code/pcg/GATES/Gates-results/ReportPlots/Mozambiq
ue/Basic-ED_LITR_W_LIT-2011.png, id=571, 722.7pt x 867.24pt>
File: /Users/qianyu/Dropbox/binary_code/pcg/GATES/Gates-results/ReportPlots/Moz
ambique/Basic-ED_LITR_W_LIT-2011.png Graphic file (type png)
<use /Users/qianyu/Dropbox/binary_code/pcg/GATES/Gates-results/ReportPlots/Moza
mbique/Basic-ED_LITR_W_LIT-2011.png>
Package pdftex.def Info: /Users/qianyu/Dropbox/binary_code/pcg/GATES/Gates-resu
lts/ReportPlots/Mozambique/Basic-ED_LITR_W_LIT-2011.png  used on input line 107
9.
(pdftex.def)             Requested size: 352.31625pt x 422.78111pt.
[100 </Users/qianyu/Dropbox/binary_code/pcg/GATES/Gates-results/ReportPlots/Moz
ambique/Basic-ED_LITR_W_LIT-2011.png>]
</Users/qianyu/Dropbox/binary_code/pcg/GATES/Gates-results/ReportPlots/Mozambiq
ue/Basic-CH_DIAT_C_ORT-2022.png, id=576, 722.7pt x 867.24pt>
File: /Users/qianyu/Dropbox/binary_code/pcg/GATES/Gates-results/ReportPlots/Moz
ambique/Basic-CH_DIAT_C_ORT-2022.png Graphic file (type png)
<use /Users/qianyu/Dropbox/binary_code/pcg/GATES/Gates-results/ReportPlots/Moza
mbique/Basic-CH_DIAT_C_ORT-2022.png>
Package pdftex.def Info: /Users/qianyu/Dropbox/binary_code/pcg/GATES/Gates-resu
lts/ReportPlots/Mozambique/Basic-CH_DIAT_C_ORT-2022.png  used on input line 108
9.
(pdftex.def)             Requested size: 352.31625pt x 422.78111pt.
[101 </Users/qianyu/Dropbox/binary_code/pcg/GATES/Gates-results/ReportPlots/Moz
ambique/Basic-CH_DIAT_C_ORT-2022.png>]
</Users/qianyu/Dropbox/binary_code/pcg/GATES/Gates-results/ReportPlots/Mozambiq
ue/ad1_map_CH_DIAT_C_ORT.png, id=581, 433.62pt x 650.43pt>
File: /Users/qianyu/Dropbox/binary_code/pcg/GATES/Gates-results/ReportPlots/Moz
ambique/ad1_map_CH_DIAT_C_ORT.png Graphic file (type png)
<use /Users/qianyu/Dropbox/binary_code/pcg/GATES/Gates-results/ReportPlots/Moza
mbique/ad1_map_CH_DIAT_C_ORT.png>
Package pdftex.def Info: /Users/qianyu/Dropbox/binary_code/pcg/GATES/Gates-resu
lts/ReportPlots/Mozambique/ad1_map_CH_DIAT_C_ORT.png  used on input line 1097.
(pdftex.def)             Requested size: 375.80544pt x 563.7357pt.
[102 </Users/qianyu/Dropbox/binary_code/pcg/GATES/Gates-results/ReportPlots/Moz
ambique/ad1_map_CH_DIAT_C_ORT.png>]
</Users/qianyu/Dropbox/binary_code/pcg/GATES/Gates-results/ReportPlots/Mozambiq
ue/ad2_map_CH_DIAT_C_ORT.png, id=586, 433.62pt x 650.43pt>
File: /Users/qianyu/Dropbox/binary_code/pcg/GATES/Gates-results/ReportPlots/Moz
ambique/ad2_map_CH_DIAT_C_ORT.png Graphic file (type png)
<use /Users/qianyu/Dropbox/binary_code/pcg/GATES/Gates-results/ReportPlots/Moza
mbique/ad2_map_CH_DIAT_C_ORT.png>
Package pdftex.def Info: /Users/qianyu/Dropbox/binary_code/pcg/GATES/Gates-resu
lts/ReportPlots/Mozambique/ad2_map_CH_DIAT_C_ORT.png  used on input line 1105.
(pdftex.def)             Requested size: 375.80544pt x 563.7357pt.
[103 </Users/qianyu/Dropbox/binary_code/pcg/GATES/Gates-results/ReportPlots/Moz
ambique/ad2_map_CH_DIAT_C_ORT.png>]
</Users/qianyu/Dropbox/binary_code/pcg/GATES/Gates-results/ReportPlots/Mozambiq
ue/scatter-CH_DIAT_C_ORT.png, id=592, 722.7pt x 722.7pt>
File: /Users/qianyu/Dropbox/binary_code/pcg/GATES/Gates-results/ReportPlots/Moz
ambique/scatter-CH_DIAT_C_ORT.png Graphic file (type png)
<use /Users/qianyu/Dropbox/binary_code/pcg/GATES/Gates-results/ReportPlots/Moza
mbique/scatter-CH_DIAT_C_ORT.png>
Package pdftex.def Info: /Users/qianyu/Dropbox/binary_code/pcg/GATES/Gates-resu
lts/ReportPlots/Mozambique/scatter-CH_DIAT_C_ORT.png  used on input line 1113.
(pdftex.def)             Requested size: 328.82707pt x 328.82901pt.
[104 </Users/qianyu/Dropbox/binary_code/pcg/GATES/Gates-results/ReportPlots/Moz
ambique/scatter-CH_DIAT_C_ORT.png>]
</Users/qianyu/Dropbox/binary_code/pcg/GATES/Gates-results/ReportPlots/Mozambiq
ue/ridge_CH_DIAT_C_ORT.png, id=597, 1084.05pt x 1084.05pt>
File: /Users/qianyu/Dropbox/binary_code/pcg/GATES/Gates-results/ReportPlots/Moz
ambique/ridge_CH_DIAT_C_ORT.png Graphic file (type png)
<use /Users/qianyu/Dropbox/binary_code/pcg/GATES/Gates-results/ReportPlots/Moza
mbique/ridge_CH_DIAT_C_ORT.png>
Package pdftex.def Info: /Users/qianyu/Dropbox/binary_code/pcg/GATES/Gates-resu
lts/ReportPlots/Mozambique/ridge_CH_DIAT_C_ORT.png  used on input line 1123.
(pdftex.def)             Requested size: 422.77664pt x 422.7778pt.
[105 </Users/qianyu/Dropbox/binary_code/pcg/GATES/Gates-results/ReportPlots/Moz
ambique/ridge_CH_DIAT_C_ORT.png>]
</Users/qianyu/Dropbox/binary_code/pcg/GATES/Gates-results/ReportPlots/Mozambiq
ue/interval-ad1-CH_DIAT_C_ORT.png, id=602, 1084.05pt x 722.7pt>
File: /Users/qianyu/Dropbox/binary_code/pcg/GATES/Gates-results/ReportPlots/Moz
ambique/interval-ad1-CH_DIAT_C_ORT.png Graphic file (type png)
<use /Users/qianyu/Dropbox/binary_code/pcg/GATES/Gates-results/ReportPlots/Moza
mbique/interval-ad1-CH_DIAT_C_ORT.png>
Package pdftex.def Info: /Users/qianyu/Dropbox/binary_code/pcg/GATES/Gates-resu
lts/ReportPlots/Mozambique/interval-ad1-CH_DIAT_C_ORT.png  used on input line 1
131.
(pdftex.def)             Requested size: 422.77664pt x 281.85185pt.
[106 </Users/qianyu/Dropbox/binary_code/pcg/GATES/Gates-results/ReportPlots/Moz
ambique/interval-ad1-CH_DIAT_C_ORT.png>]
</Users/qianyu/Dropbox/binary_code/pcg/GATES/Gates-results/ReportPlots/Mozambiq
ue/interval-ad2-CH_DIAT_C_ORT.png, id=607, 1084.05pt x 1084.05pt>
File: /Users/qianyu/Dropbox/binary_code/pcg/GATES/Gates-results/ReportPlots/Moz
ambique/interval-ad2-CH_DIAT_C_ORT.png Graphic file (type png)
<use /Users/qianyu/Dropbox/binary_code/pcg/GATES/Gates-results/ReportPlots/Moza
mbique/interval-ad2-CH_DIAT_C_ORT.png>
Package pdftex.def Info: /Users/qianyu/Dropbox/binary_code/pcg/GATES/Gates-resu
lts/ReportPlots/Mozambique/interval-ad2-CH_DIAT_C_ORT.png  used on input line 1
139.
(pdftex.def)             Requested size: 469.75502pt x 469.75496pt.
[107 </Users/qianyu/Dropbox/binary_code/pcg/GATES/Gates-results/ReportPlots/Moz
ambique/interval-ad2-CH_DIAT_C_ORT.png>]
</Users/qianyu/Dropbox/binary_code/pcg/GATES/Gates-results/ReportPlots/Mozambiq
ue/Basic-ED_EDUC_W_SEH-2011.png, id=612, 722.7pt x 867.24pt>
File: /Users/qianyu/Dropbox/binary_code/pcg/GATES/Gates-results/ReportPlots/Moz
ambique/Basic-ED_EDUC_W_SEH-2011.png Graphic file (type png)
<use /Users/qianyu/Dropbox/binary_code/pcg/GATES/Gates-results/ReportPlots/Moza
mbique/Basic-ED_EDUC_W_SEH-2011.png>
Package pdftex.def Info: /Users/qianyu/Dropbox/binary_code/pcg/GATES/Gates-resu
lts/ReportPlots/Mozambique/Basic-ED_EDUC_W_SEH-2011.png  used on input line 115
3.
(pdftex.def)             Requested size: 352.31625pt x 422.78111pt.
[108 </Users/qianyu/Dropbox/binary_code/pcg/GATES/Gates-results/ReportPlots/Moz
ambique/Basic-ED_EDUC_W_SEH-2011.png>]
</Users/qianyu/Dropbox/binary_code/pcg/GATES/Gates-results/ReportPlots/Mozambiq
ue/Basic-ED_LITR_W_LIT-2022.png, id=617, 722.7pt x 867.24pt>
File: /Users/qianyu/Dropbox/binary_code/pcg/GATES/Gates-results/ReportPlots/Moz
ambique/Basic-ED_LITR_W_LIT-2022.png Graphic file (type png)
<use /Users/qianyu/Dropbox/binary_code/pcg/GATES/Gates-results/ReportPlots/Moza
mbique/Basic-ED_LITR_W_LIT-2022.png>
Package pdftex.def Info: /Users/qianyu/Dropbox/binary_code/pcg/GATES/Gates-resu
lts/ReportPlots/Mozambique/Basic-ED_LITR_W_LIT-2022.png  used on input line 116
3.
(pdftex.def)             Requested size: 352.31625pt x 422.78111pt.
[109 </Users/qianyu/Dropbox/binary_code/pcg/GATES/Gates-results/ReportPlots/Moz
ambique/Basic-ED_LITR_W_LIT-2022.png>]
</Users/qianyu/Dropbox/binary_code/pcg/GATES/Gates-results/ReportPlots/Mozambiq
ue/ad1_map_ED_LITR_W_LIT.png, id=623, 433.62pt x 650.43pt>
File: /Users/qianyu/Dropbox/binary_code/pcg/GATES/Gates-results/ReportPlots/Moz
ambique/ad1_map_ED_LITR_W_LIT.png Graphic file (type png)
<use /Users/qianyu/Dropbox/binary_code/pcg/GATES/Gates-results/ReportPlots/Moza
mbique/ad1_map_ED_LITR_W_LIT.png>
Package pdftex.def Info: /Users/qianyu/Dropbox/binary_code/pcg/GATES/Gates-resu
lts/ReportPlots/Mozambique/ad1_map_ED_LITR_W_LIT.png  used on input line 1171.
(pdftex.def)             Requested size: 375.80544pt x 563.7357pt.
[110 </Users/qianyu/Dropbox/binary_code/pcg/GATES/Gates-results/ReportPlots/Moz
ambique/ad1_map_ED_LITR_W_LIT.png>]
! Interruption.
<argument> ...\__shipout_drop_firstpage_specials: 
                                                  \set@typeset@protect \hook...
l.1173 \newpage
                
Here is how much of TeX's memory you used:
 16072 strings out of 474116
 331624 string characters out of 5743682
 1942187 words of memory out of 5000000
 37981 multiletter control sequences out of 15000+600000
 608355 words of font info for 119 fonts, out of 8000000 for 9000
 1141 hyphenation exceptions out of 8191
 83i,9n,93p,1150b,449s stack positions out of 10000i,1000n,20000p,200000b,200000s

!  ==> Fatal error occurred, no output PDF file produced!
